{"E26L12": {"loss": 0.4107321475086541, "mean_squared_error": 0.41087812185287476}, "2019_C2DNN_4": {"loss": 0.48595929368218377, "mean_squared_error": 0.4862164258956909}, "2019_C2DNN_28": {"loss": 0.32214334155573987, "mean_squared_error": 0.322024405002594}, "2019_C2DNN_21": {"loss": 0.16751433299346405, "mean_squared_error": 0.16752499341964722}, "L02J10": {"loss": 0.47932836676345153, "mean_squared_error": 0.47856834530830383}, "S23T01": {"loss": 0.41863491103566924, "mean_squared_error": 0.41857632994651794}, "2019_C2DNN_12": {"loss": 0.44161397128394153, "mean_squared_error": 0.44148048758506775}, "2019_C2DNN_11": {"loss": 0.3503349373737971, "mean_squared_error": 0.35033127665519714}, "J27V07": {"loss": 0.37566281752339725, "mean_squared_error": 0.3762439489364624}, "2019_C2DNN_10": {"loss": 0.460699121810888, "mean_squared_error": 0.46079421043395996}, "2019_C2DNN_9": {"loss": 0.285584531724453, "mean_squared_error": 0.28554826974868774}, "2019_C2DNN_25": {"loss": 0.2628656115163775, "mean_squared_error": 0.2618435025215149}, "L27G06": {"loss": 0.3843401711562584, "mean_squared_error": 0.384412944316864}, "2019_C2DNN_7": {"loss": 0.33444821478715586, "mean_squared_error": 0.32880115509033203}, "2019_C2DNN_2": {"loss": 0.3885899979402037, "mean_squared_error": 0.38853132724761963}, "S07N05": {"loss": 0.39540416978556536, "mean_squared_error": 0.39557334780693054}, "E16D09": {"loss": 0.4416822600981285, "mean_squared_error": 0.4416888654232025}, "M12C10": {"loss": 0.38932953980462304, "mean_squared_error": 0.38582947850227356}, "2019_C2DNN_30": {"loss": 0.3639407581177311, "mean_squared_error": 0.3638700544834137}, "2019_C2DNN_1": {"loss": 0.40930311020576593, "mean_squared_error": 0.4091859757900238}, "P27T02": {"loss": 0.440595344621308, "mean_squared_error": 0.4409974217414856}, "A05S09": {"loss": 0.32209712207317354, "mean_squared_error": 0.32122156023979187}, "2019_C2DNN_29": {"loss": 0.3202327616951045, "mean_squared_error": 0.3202732801437378}, "L16W05": {"loss": 0.5155949864921898, "mean_squared_error": 0.515502393245697}, "S14S04": {"loss": 0.339265379926254, "mean_squared_error": 0.33892396092414856}, "L30P03": {"loss": 0.48124653871717127, "mean_squared_error": 0.48153769969940186}, "2019_C2DNN_15": {"loss": 0.37599826554457344, "mean_squared_error": 0.374601811170578}, "2019_C2DNN_16": {"loss": 0.4107805410427834, "mean_squared_error": 0.41028904914855957}, "2019_C2DNN_24": {"loss": 0.3597561238390027, "mean_squared_error": 0.359889954328537}, "2019_C2DNN_5": {"loss": 0.3138764331589884, "mean_squared_error": 0.31423768401145935}, "M27J04": {"loss": 0.33943725351629583, "mean_squared_error": 0.33933132886886597}, "2019_C2DNN_6": {"loss": 0.35471974532393846, "mean_squared_error": 0.35445117950439453}, "2019_C2DNN_3": {"loss": 0.41417173147201536, "mean_squared_error": 0.4142996370792389}, "E03C02": {"loss": 0.39399305653983147, "mean_squared_error": 0.39420637488365173}, "2019_C2DNN_18": {"loss": 0.2859732677107272, "mean_squared_error": 0.2862062156200409}, "2019_C2DNN_20": {"loss": 0.2747925804419951, "mean_squared_error": 0.27477341890335083}, "2019_C2DNN_13": {"loss": 0.3903418605896964, "mean_squared_error": 0.3902578055858612}, "E07S07": {"loss": 0.4804945618941866, "mean_squared_error": 0.480783075094223}, "2019_C2DNN_23": {"loss": 0.3326902687549591, "mean_squared_error": 0.3331376612186432}, "J09H12": {"loss": 0.3470586959657998, "mean_squared_error": 0.3471530079841614}, "M25G07": {"loss": 0.24945807713886786, "mean_squared_error": 0.24957604706287384}, "B30K04": {"loss": 0.5481091927865456, "mean_squared_error": 0.5482618808746338}, "V09L10": {"loss": 0.27958377888974023, "mean_squared_error": 0.2787601947784424}, "2019_C2DNN_14": {"loss": 0.4328675409158071, "mean_squared_error": 0.4334246814250946}, "S06L11": {"loss": 0.4358153081670099, "mean_squared_error": 0.4358363747596741}, "G12A10": {"loss": 0.322870593298884, "mean_squared_error": 0.32320693135261536}, "S16T09": {"loss": 0.28757498541782645, "mean_squared_error": 0.28781506419181824}, "2019_C2DNN_17": {"loss": 0.38232678413391114, "mean_squared_error": 0.38299107551574707}}