{"M27J04": {"loss": 0.6570766270160675, "acc": 0.6758474707603455}, "2019_C2DNN_25": {"loss": 0.647711992263794, "acc": 0.67974454164505}, "2019_C2DNN_11": {"loss": 0.6739991042349074, "acc": 0.6447124481201172}, "G12A10": {"loss": 0.665652248594496, "acc": 0.6475409865379333}, "J09H12": {"loss": 0.665636420249939, "acc": 0.6430084705352783}, "2019_C2DNN_18": {"loss": 0.6458014183574252, "acc": 0.6669642925262451}, "2019_C2DNN_28": {"loss": 0.6585837403933207, "acc": 0.674440324306488}, "S07N05": {"loss": 0.6722191721200943, "acc": 0.6440678238868713}, "2019_C2DNN_4": {"loss": 0.6472629970974393, "acc": 0.6783088445663452}, "2019_C2DNN_15": {"loss": 0.6467271521687508, "acc": 0.6940451860427856}, "2019_C2DNN_20": {"loss": 0.6548297868834602, "acc": 0.652133584022522}, "L30P03": {"loss": 0.6582754030823708, "acc": 0.6694915294647217}, "M25G07": {"loss": 0.6490243077278137, "acc": 0.6514830589294434}, "V09L10": {"loss": 0.6575413876109653, "acc": 0.6621129512786865}, "2019_C2DNN_9": {"loss": 0.6922928839921951, "acc": 0.6505376100540161}, "2019_C2DNN_3": {"loss": 0.6614558829201592, "acc": 0.6846590638160706}, "2019_C2DNN_23": {"loss": 0.7113266512751579, "acc": 0.6391304135322571}, "2019_C2DNN_21": {"loss": 0.6728578938378228, "acc": 0.6487758755683899}, "2019_C2DNN_7": {"loss": 0.6433448327912225, "acc": 0.6638888716697693}, "E07S07": {"loss": 0.6541142761707306, "acc": 0.6451271176338196}, "E16D09": {"loss": 0.6648365557193756, "acc": 0.6260592937469482}, "A05S09": {"loss": 0.7072523236274719, "acc": 0.6172069907188416}, "2019_C2DNN_29": {"loss": 0.6568198204040527, "acc": 0.6356238722801208}, "P27T02": {"loss": 0.6466291631971087, "acc": 0.6174242496490479}, "J27V07": {"loss": 0.6756807267665863, "acc": 0.6398305296897888}, "B30K04": {"loss": 0.6700730547308922, "acc": 0.6451271176338196}, "L27G06": {"loss": 0.648277722299099, "acc": 0.6684321761131287}, "2019_C2DNN_6": {"loss": 0.6431141760614183, "acc": 0.6645569801330566}, "2019_C2DNN_30": {"loss": 0.6360146866904365, "acc": 0.7160714268684387}, "E26L12": {"loss": 0.6649628803133965, "acc": 0.6313559412956238}, "S06L11": {"loss": 0.6681585397039141, "acc": 0.6457286477088928}, "2019_C2DNN_12": {"loss": 0.6703772412406074, "acc": 0.6270871758460999}, "S23T01": {"loss": 0.6506112888455391, "acc": 0.6567796468734741}, "2019_C2DNN_14": {"loss": 0.6896837949752808, "acc": 0.5726495981216431}, "2019_C2DNN_2": {"loss": 0.6453170312775506, "acc": 0.6742286682128906}, "2019_C2DNN_1": {"loss": 0.6371465987629361, "acc": 0.7109665274620056}, "2019_C2DNN_24": {"loss": 0.6845610539118449, "acc": 0.6460674405097961}, "M12C10": {"loss": 0.674720048904419, "acc": 0.6419491767883301}, "L16W05": {"loss": 0.6620045080780983, "acc": 0.6705508232116699}, "2019_C2DNN_16": {"loss": 0.6470015777481927, "acc": 0.6869245171546936}, "S14S04": {"loss": 0.65780258923769, "acc": 0.6419491767883301}, "2019_C2DNN_5": {"loss": 0.645196623272366, "acc": 0.6663585901260376}, "L02J10": {"loss": 0.6632772021823459, "acc": 0.6566484570503235}, "E03C02": {"loss": 0.6450502276420593, "acc": 0.6652542352676392}, "2019_C2DNN_13": {"loss": 0.6557919714185927, "acc": 0.6608133316040039}, "2019_C2DNN_10": {"loss": 0.6489605903625488, "acc": 0.6685214638710022}, "S16T09": {"loss": 0.6706769838929176, "acc": 0.6271186470985413}, "2019_C2DNN_17": {"loss": 0.6709203805242266, "acc": 0.6832917928695679}}