{"E07S07": {"loss": 0.6751639135181904, "acc": 0.6144067645072937}, "E16D09": {"loss": 0.7232381626963615, "acc": 0.5826271176338196}, "S14S04": {"loss": 0.6058704778552055, "acc": 0.6588982939720154}, "2019_C2DNN_14": {"loss": 0.8698864579200745, "acc": 0.41025641560554504}, "2019_C2DNN_9": {"loss": 0.5405977107584476, "acc": 0.7419354915618896}, "J09H12": {"loss": 0.6107942648231983, "acc": 0.6271186470985413}, "2019_C2DNN_4": {"loss": 0.6276805930667453, "acc": 0.6433823704719543}, "P27T02": {"loss": 0.609639150755746, "acc": 0.6691918969154358}, "E03C02": {"loss": 0.5973639748990536, "acc": 0.6970338821411133}, "M27J04": {"loss": 0.5642621628940105, "acc": 0.7394067645072937}, "L02J10": {"loss": 0.5414542456467947, "acc": 0.7358834147453308}, "J27V07": {"loss": 0.5530194118618965, "acc": 0.7161017060279846}, "2019_C2DNN_17": {"loss": 0.483966452734811, "acc": 0.7680798172950745}, "2019_C2DNN_21": {"loss": 0.5461190144220988, "acc": 0.7250470519065857}, "2019_C2DNN_13": {"loss": 0.578553643491533, "acc": 0.6987060904502869}, "2019_C2DNN_16": {"loss": 0.6509481602244906, "acc": 0.6519337296485901}, "S23T01": {"loss": 0.6461268216371536, "acc": 0.6122881174087524}, "2019_C2DNN_5": {"loss": 0.6829730139838325, "acc": 0.584103524684906}, "M12C10": {"loss": 0.7100341469049454, "acc": 0.5593220591545105}, "2019_C2DNN_18": {"loss": 0.5991784532864889, "acc": 0.6660714149475098}, "2019_C2DNN_28": {"loss": 0.4623226092921363, "acc": 0.8283582329750061}, "2019_C2DNN_23": {"loss": 0.5208637081086636, "acc": 0.699999988079071}, "2019_C2DNN_29": {"loss": 0.5571515758832296, "acc": 0.7106691002845764}, "L27G06": {"loss": 0.5175981298089027, "acc": 0.7817796468734741}, "V09L10": {"loss": 0.554741405778461, "acc": 0.7103825211524963}, "2019_C2DNN_7": {"loss": 0.6043967306613922, "acc": 0.6777777671813965}, "2019_C2DNN_11": {"loss": 0.6672219898965623, "acc": 0.6141001582145691}, "2019_C2DNN_20": {"loss": 0.6765719453493754, "acc": 0.567717969417572}, "2019_C2DNN_30": {"loss": 0.6690150068865882, "acc": 0.6285714507102966}, "S06L11": {"loss": 0.5606331612382617, "acc": 0.7236180901527405}, "M25G07": {"loss": 0.6033647991716862, "acc": 0.680084764957428}, "L16W05": {"loss": 0.5906750038266182, "acc": 0.694915235042572}, "2019_C2DNN_2": {"loss": 0.5757822295029958, "acc": 0.7332123517990112}, "2019_C2DNN_15": {"loss": 0.6106084957718849, "acc": 0.6468172669410706}, "S16T09": {"loss": 0.6677582636475563, "acc": 0.6419491767883301}, "2019_C2DNN_3": {"loss": 0.5380747649404738, "acc": 0.7708333134651184}, "2019_C2DNN_24": {"loss": 0.728435218334198, "acc": 0.5524344444274902}, "B30K04": {"loss": 0.6033534482121468, "acc": 0.6906779408454895}, "2019_C2DNN_6": {"loss": 0.5501323872142367, "acc": 0.7034357786178589}, "L30P03": {"loss": 0.6746761202812195, "acc": 0.5974576473236084}, "E26L12": {"loss": 0.7449332624673843, "acc": 0.5444915294647217}, "2019_C2DNN_12": {"loss": 0.5835687849256728, "acc": 0.6864563822746277}, "2019_C2DNN_10": {"loss": 0.47416899502277376, "acc": 0.8171700835227966}, "2019_C2DNN_25": {"loss": 0.6639486485057406, "acc": 0.6277372241020203}, "2019_C2DNN_1": {"loss": 0.626302182674408, "acc": 0.6728624701499939}, "G12A10": {"loss": 0.5677261286311679, "acc": 0.7140254974365234}, "S07N05": {"loss": 0.5166394636034966, "acc": 0.7796609997749329}, "A05S09": {"loss": 0.6724282503128052, "acc": 0.5835411548614502}}