{"M12C10": {"loss": 0.7536434680223465, "acc": 0.5275423526763916}, "2019_C2DNN_3": {"loss": 0.5101632939444648, "acc": 0.7746211886405945}, "A05S09": {"loss": 0.6442929250853402, "acc": 0.5985037684440613}, "S07N05": {"loss": 0.5073336623609066, "acc": 0.7754237055778503}, "2019_C2DNN_28": {"loss": 0.423918174372779, "acc": 0.8358209133148193}, "L30P03": {"loss": 0.6723182462155819, "acc": 0.625}, "2019_C2DNN_29": {"loss": 0.5240716338157654, "acc": 0.7124773859977722}, "2019_C2DNN_9": {"loss": 0.5192550867795944, "acc": 0.7462365627288818}, "2019_C2DNN_2": {"loss": 0.5570173925823636, "acc": 0.7295825481414795}, "J27V07": {"loss": 0.5364536456763744, "acc": 0.7203390002250671}, "E03C02": {"loss": 0.5429074466228485, "acc": 0.758474588394165}, "2019_C2DNN_15": {"loss": 0.5693054422736168, "acc": 0.6878849864006042}, "P27T02": {"loss": 0.5998728317873818, "acc": 0.691919207572937}, "G12A10": {"loss": 0.5543867316510942, "acc": 0.7231329679489136}, "2019_C2DNN_18": {"loss": 0.5586980879306793, "acc": 0.6839285492897034}, "2019_C2DNN_4": {"loss": 0.5806952052646213, "acc": 0.6764705777168274}, "B30K04": {"loss": 0.581982895731926, "acc": 0.7139830589294434}, "2019_C2DNN_30": {"loss": 0.6646968126296997, "acc": 0.6035714149475098}, "L16W05": {"loss": 0.569384291768074, "acc": 0.7288135886192322}, "2019_C2DNN_1": {"loss": 0.6224476132127974, "acc": 0.6895910501480103}, "2019_C2DNN_20": {"loss": 0.6720051964124044, "acc": 0.5881261825561523}, "S16T09": {"loss": 0.6507186777889729, "acc": 0.6292372941970825}, "E07S07": {"loss": 0.6743141412734985, "acc": 0.6313559412956238}, "E26L12": {"loss": 0.7542557269334793, "acc": 0.5868644118309021}, "2019_C2DNN_16": {"loss": 0.6018852326605055, "acc": 0.6777163743972778}, "2019_C2DNN_5": {"loss": 0.6676082677311368, "acc": 0.584103524684906}, "2019_C2DNN_11": {"loss": 0.6591344475746155, "acc": 0.6178107857704163}, "2019_C2DNN_6": {"loss": 0.48227346274587846, "acc": 0.7721518874168396}, "2019_C2DNN_12": {"loss": 0.5380589862664541, "acc": 0.72541743516922}, "2019_C2DNN_13": {"loss": 0.5202630096011691, "acc": 0.7560073733329773}, "E16D09": {"loss": 0.7321019023656845, "acc": 0.5805084705352783}, "2019_C2DNN_10": {"loss": 0.4616382569074631, "acc": 0.8092209696769714}, "M25G07": {"loss": 0.5706834569573402, "acc": 0.7182203531265259}, "S06L11": {"loss": 0.5553642937115261, "acc": 0.7386934757232666}, "M27J04": {"loss": 0.5511681325733662, "acc": 0.6906779408454895}, "L02J10": {"loss": 0.4990583426422543, "acc": 0.7668488025665283}, "2019_C2DNN_7": {"loss": 0.5608517229557037, "acc": 0.7092592716217041}, "2019_C2DNN_14": {"loss": 0.9479874670505524, "acc": 0.3504273593425751}, "2019_C2DNN_24": {"loss": 0.7051151957776811, "acc": 0.5524344444274902}, "L27G06": {"loss": 0.5168654061853886, "acc": 0.7605932354927063}, "S14S04": {"loss": 0.5924852043390274, "acc": 0.6652542352676392}, "J09H12": {"loss": 0.5907968245446682, "acc": 0.6758474707603455}, "V09L10": {"loss": 0.5061423414283328, "acc": 0.755919873714447}, "S23T01": {"loss": 0.6133276335895061, "acc": 0.6927965879440308}, "2019_C2DNN_21": {"loss": 0.5406008528338538, "acc": 0.7250470519065857}, "2019_C2DNN_23": {"loss": 0.48763435520231724, "acc": 0.741304337978363}, "2019_C2DNN_25": {"loss": 0.6754459341367086, "acc": 0.6459854245185852}, "2019_C2DNN_17": {"loss": 0.44832212158611845, "acc": 0.7930174469947815}}