{"M25G07": {"loss": 0.6795505768266218, "acc": 0.5681633949279785}, "2019_C2DNN_11": {"loss": 0.6836218292062933, "acc": 0.5463269948959351}, "S07N05": {"loss": 0.6793596025170952, "acc": 0.5783067345619202}, "G12A10": {"loss": 0.677834606345962, "acc": 0.5482180118560791}, "2019_C2DNN_18": {"loss": 0.6824304997057155, "acc": 0.5484682321548462}, "2019_C2DNN_21": {"loss": 0.6725092801180753, "acc": 0.5914546251296997}, "J27V07": {"loss": 0.6797873470289953, "acc": 0.5797944068908691}, "2019_C2DNN_29": {"loss": 0.681281698977246, "acc": 0.5734443664550781}, "2019_C2DNN_2": {"loss": 0.6853426510796827, "acc": 0.5456234216690063}, "2019_C2DNN_25": {"loss": 0.6863061509588185, "acc": 0.5114219188690186}, "M12C10": {"loss": 0.6903550542634109, "acc": 0.5202867388725281}, "J09H12": {"loss": 0.6811056178191612, "acc": 0.5724912285804749}, "2019_C2DNN_15": {"loss": 0.6751604755719502, "acc": 0.5833771824836731}, "2019_C2DNN_23": {"loss": 0.6722913509921024, "acc": 0.6011080145835876}, "B30K04": {"loss": 0.6826306581497192, "acc": 0.5511225461959839}, "2019_C2DNN_24": {"loss": 0.6992413085518461, "acc": 0.4721757769584656}, "E26L12": {"loss": 0.6825866586175459, "acc": 0.556126594543457}, "2019_C2DNN_6": {"loss": 0.6806229177643272, "acc": 0.5653481483459473}, "M27J04": {"loss": 0.6813388754581583, "acc": 0.5726264715194702}, "2019_C2DNN_16": {"loss": 0.6857657050018879, "acc": 0.5533741116523743}, "V09L10": {"loss": 0.6665291200556299, "acc": 0.5899137854576111}, "2019_C2DNN_7": {"loss": 0.6950264973426933, "acc": 0.5807138085365295}, "2019_C2DNN_3": {"loss": 0.6785034528145424, "acc": 0.5618519186973572}, "S16T09": {"loss": 0.6930999498942803, "acc": 0.5220448970794678}, "L27G06": {"loss": 0.6807325317941862, "acc": 0.5742493867874146}, "2019_C2DNN_5": {"loss": 0.6898666077585363, "acc": 0.5299952626228333}, "2019_C2DNN_13": {"loss": 0.6700715774030828, "acc": 0.5971927046775818}, "P27T02": {"loss": 0.678163468837738, "acc": 0.5830115675926208}, "E07S07": {"loss": 0.6897372726736397, "acc": 0.5246145725250244}, "S14S04": {"loss": 0.6917996755961714, "acc": 0.5220448970794678}, "2019_C2DNN_12": {"loss": 0.6803974066719864, "acc": 0.553199052810669}, "2019_C2DNN_9": {"loss": 0.6679706846781331, "acc": 0.5732876658439636}, "L02J10": {"loss": 0.667285352739889, "acc": 0.5764034390449524}, "A05S09": {"loss": 0.710296893119812, "acc": 0.5453677177429199}, "2019_C2DNN_30": {"loss": 0.6872263999952786, "acc": 0.5433241724967957}, "E16D09": {"loss": 0.6955286654932745, "acc": 0.5196105241775513}, "S23T01": {"loss": 0.6861808115038378, "acc": 0.5682986378669739}, "L16W05": {"loss": 0.6802305085905667, "acc": 0.5749256014823914}, "2019_C2DNN_28": {"loss": 0.6690895945736857, "acc": 0.6252082586288452}, "2019_C2DNN_20": {"loss": 0.6861610078450405, "acc": 0.5350545048713684}, "E03C02": {"loss": 0.687134854752442, "acc": 0.5553151369094849}, "L30P03": {"loss": 0.6862574949346739, "acc": 0.5485528707504272}, "S06L11": {"loss": 0.6712050596062018, "acc": 0.6256410479545593}, "2019_C2DNN_1": {"loss": 0.6798048796075763, "acc": 0.571648895740509}, "2019_C2DNN_10": {"loss": 0.6797207240995607, "acc": 0.5626929998397827}, "2019_C2DNN_14": {"loss": 0.6980249802271525, "acc": 0.47303128242492676}, "2019_C2DNN_17": {"loss": 0.6614539837837219, "acc": 0.6263928413391113}, "2019_C2DNN_4": {"loss": 0.6834377023711133, "acc": 0.5551116466522217}}