{"S14S04": {"loss": 0.6342729316516356, "acc": 0.6386569738388062}, "2019_C2DNN_16": {"loss": 0.5803060248494148, "acc": 0.6988958716392517}, "2019_C2DNN_3": {"loss": 0.5392875987656263, "acc": 0.7319637537002563}, "2019_C2DNN_4": {"loss": 0.5640048807859421, "acc": 0.690100908279419}, "L02J10": {"loss": 0.4325119185447693, "acc": 0.8090028166770935}, "S07N05": {"loss": 0.5366035747257146, "acc": 0.7203266620635986}, "E26L12": {"loss": 0.7001540952108123, "acc": 0.6288565993309021}, "P27T02": {"loss": 0.5448852849973215, "acc": 0.7193437218666077}, "J27V07": {"loss": 0.6190193796699698, "acc": 0.6807622313499451}, "S16T09": {"loss": 0.738695121624253, "acc": 0.5949183106422424}, "2019_C2DNN_10": {"loss": 0.505523762682028, "acc": 0.7511730790138245}, "B30K04": {"loss": 0.5702221708541567, "acc": 0.6871143579483032}, "L27G06": {"loss": 0.6103226616978645, "acc": 0.6613430380821228}, "2019_C2DNN_13": {"loss": 0.48624637186527253, "acc": 0.7654321193695068}, "L30P03": {"loss": 0.5479953326284885, "acc": 0.7197822332382202}, "J09H12": {"loss": 0.7011347155679356, "acc": 0.6096189022064209}, "2019_C2DNN_29": {"loss": 0.502384698858448, "acc": 0.7464308142662048}, "2019_C2DNN_2": {"loss": 0.6186204318906746, "acc": 0.6690031290054321}, "2019_C2DNN_5": {"loss": 0.717684525847435, "acc": 0.6006339192390442}, "2019_C2DNN_25": {"loss": 0.5545224651694298, "acc": 0.7232645153999329}, "2019_C2DNN_1": {"loss": 0.5053991839289665, "acc": 0.7577975988388062}, "G12A10": {"loss": 0.47598173916339875, "acc": 0.7830572128295898}, "M12C10": {"loss": 0.6502682756293904, "acc": 0.6560798287391663}, "M25G07": {"loss": 0.547360419888388, "acc": 0.7206896543502808}, "2019_C2DNN_9": {"loss": 0.6084225413411163, "acc": 0.6672794222831726}, "L16W05": {"loss": 0.4887316304851662, "acc": 0.7669691443443298}, "2019_C2DNN_17": {"loss": 0.4270894015963013, "acc": 0.7916666865348816}, "A05S09": {"loss": 0.654775223216495, "acc": 0.6469457745552063}, "2019_C2DNN_14": {"loss": 0.6408052065155723, "acc": 0.6376811861991882}, "2019_C2DNN_30": {"loss": 0.5398008034509771, "acc": 0.7279975414276123}, "2019_C2DNN_24": {"loss": 0.5777740825195702, "acc": 0.706183910369873}, "2019_C2DNN_15": {"loss": 0.582591626379225, "acc": 0.6925926208496094}, "E16D09": {"loss": 0.6844973523508419, "acc": 0.630852997303009}, "M27J04": {"loss": 0.5910130888223648, "acc": 0.6905626058578491}, "E03C02": {"loss": 0.4836160432208668, "acc": 0.7588021755218506}, "E07S07": {"loss": 0.6003306237134066, "acc": 0.6798548102378845}, "2019_C2DNN_28": {"loss": 0.4203425213998678, "acc": 0.8114020824432373}, "2019_C2DNN_20": {"loss": 0.5676927047967911, "acc": 0.7186208963394165}, "2019_C2DNN_23": {"loss": 0.4007843869716622, "acc": 0.8230483531951904}, "S06L11": {"loss": 0.5193357991205679, "acc": 0.7444062232971191}, "2019_C2DNN_18": {"loss": 0.5327561544437035, "acc": 0.7382704615592957}, "2019_C2DNN_12": {"loss": 0.5809062206745148, "acc": 0.6884542107582092}, "2019_C2DNN_11": {"loss": 0.544349604845047, "acc": 0.7154898047447205}, "2019_C2DNN_21": {"loss": 0.5821124917390396, "acc": 0.7023195624351501}, "V09L10": {"loss": 0.5146431630849838, "acc": 0.7399187088012695}, "S23T01": {"loss": 0.5451394326307557, "acc": 0.7214155793190002}, "2019_C2DNN_7": {"loss": 0.6081479266285896, "acc": 0.6831008195877075}, "2019_C2DNN_6": {"loss": 0.5166215779734593, "acc": 0.7560521364212036}}