{"S14S04": {"loss": 0.6274955790293845, "acc": 0.6573646664619446}, "2019_C2DNN_16": {"loss": 0.6511514235374539, "acc": 0.6396281719207764}, "2019_C2DNN_3": {"loss": 0.5718119215397608, "acc": 0.6985735893249512}, "2019_C2DNN_4": {"loss": 0.6051674478275831, "acc": 0.680692195892334}, "L02J10": {"loss": 0.5386307219212706, "acc": 0.7363013625144958}, "S07N05": {"loss": 0.5227803744767842, "acc": 0.7419219613075256}, "E26L12": {"loss": 0.7080743116767783, "acc": 0.5711288452148438}, "P27T02": {"loss": 0.6214593211188912, "acc": 0.6812719106674194}, "J27V07": {"loss": 0.6177831221567956, "acc": 0.6978598237037659}, "S16T09": {"loss": 0.677446825723899, "acc": 0.6067981719970703}, "2019_C2DNN_10": {"loss": 0.5896533517674967, "acc": 0.6823956370353699}, "B30K04": {"loss": 0.6499061231550417, "acc": 0.6290390491485596}, "L27G06": {"loss": 0.5981752425432205, "acc": 0.6848510503768921}, "2019_C2DNN_13": {"loss": 0.5874139825965083, "acc": 0.7028905749320984}, "L30P03": {"loss": 0.5829792336413735, "acc": 0.7018464207649231}, "J09H12": {"loss": 0.709132485483822, "acc": 0.5952580571174622}, "2019_C2DNN_29": {"loss": 0.5524784685535864, "acc": 0.7086910009384155}, "2019_C2DNN_2": {"loss": 0.6176236773079092, "acc": 0.6862428188323975}, "2019_C2DNN_5": {"loss": 0.7834930503091146, "acc": 0.5377427339553833}, "2019_C2DNN_25": {"loss": 0.5898404405875639, "acc": 0.695958137512207}, "2019_C2DNN_1": {"loss": 0.5742287913034129, "acc": 0.7108655571937561}, "G12A10": {"loss": 0.5493208745663817, "acc": 0.7189978361129761}, "M12C10": {"loss": 0.7148770438997369, "acc": 0.5707091689109802}, "M25G07": {"loss": 0.6058250798990852, "acc": 0.6743600368499756}, "2019_C2DNN_9": {"loss": 0.6278858152595727, "acc": 0.6550915837287903}, "L16W05": {"loss": 0.4675804847165158, "acc": 0.8002517819404602}, "2019_C2DNN_17": {"loss": 0.47618243750184774, "acc": 0.7731320858001709}, "A05S09": {"loss": 0.6782682593911886, "acc": 0.6483679413795471}, "2019_C2DNN_14": {"loss": 0.6946874797344208, "acc": 0.6070205569267273}, "2019_C2DNN_30": {"loss": 0.6336492107974159, "acc": 0.6402611136436462}, "2019_C2DNN_24": {"loss": 0.6601400867451069, "acc": 0.6046770811080933}, "2019_C2DNN_15": {"loss": 0.5617346977576231, "acc": 0.7096708416938782}, "E16D09": {"loss": 0.740667882718538, "acc": 0.5725975632667542}, "M27J04": {"loss": 0.5600121633002633, "acc": 0.7066722512245178}, "E03C02": {"loss": 0.5507222523814753, "acc": 0.7314309477806091}, "E07S07": {"loss": 0.6701532939546987, "acc": 0.6084766983985901}, "2019_C2DNN_28": {"loss": 0.4853696455789167, "acc": 0.7739371657371521}, "2019_C2DNN_20": {"loss": 0.5793302267096764, "acc": 0.6943014860153198}, "2019_C2DNN_23": {"loss": 0.5146033328932684, "acc": 0.744928777217865}, "S06L11": {"loss": 0.6016856282949448, "acc": 0.6747258305549622}, "2019_C2DNN_18": {"loss": 0.5860001113679674, "acc": 0.6780169606208801}, "2019_C2DNN_12": {"loss": 0.5942678423814995, "acc": 0.6757999062538147}, "2019_C2DNN_11": {"loss": 0.6057306285514388, "acc": 0.6735932230949402}, "2019_C2DNN_21": {"loss": 0.5832749512933549, "acc": 0.6982823014259338}, "V09L10": {"loss": 0.5384990054775368, "acc": 0.7301730513572693}, "S23T01": {"loss": 0.5735960116511897, "acc": 0.7052035331726074}, "2019_C2DNN_7": {"loss": 0.5967081771340481, "acc": 0.6754675507545471}, "2019_C2DNN_6": {"loss": 0.5874201093207706, "acc": 0.6756080389022827}}