{"S14S04": {"loss": 0.6977912438543219, "acc": 0.5474191904067993}, "2019_C2DNN_16": {"loss": 0.6890335873115895, "acc": 0.5605176687240601}, "2019_C2DNN_3": {"loss": 0.7011479792140779, "acc": 0.5518018007278442}, "2019_C2DNN_4": {"loss": 0.6911225249600965, "acc": 0.5743169188499451}, "L02J10": {"loss": 0.6679450381885875, "acc": 0.6018385291099548}, "S07N05": {"loss": 0.6333695242279455, "acc": 0.6227444410324097}, "E26L12": {"loss": 0.6935484009353738, "acc": 0.5472093820571899}, "P27T02": {"loss": 0.7439381182193756, "acc": 0.5210315585136414}, "J27V07": {"loss": 0.6993726350759205, "acc": 0.5520352721214294}, "S16T09": {"loss": 0.6944618593705328, "acc": 0.5493075847625732}, "2019_C2DNN_10": {"loss": 0.6426566453142599, "acc": 0.6079854965209961}, "B30K04": {"loss": 0.6768619229919032, "acc": 0.5476290583610535}, "L27G06": {"loss": 0.6523441766437731, "acc": 0.6133025884628296}, "2019_C2DNN_13": {"loss": 0.666592525188313, "acc": 0.5942187905311584}, "L30P03": {"loss": 0.6485884166077563, "acc": 0.6179186105728149}, "J09H12": {"loss": 0.6893580893152639, "acc": 0.5509861707687378}, "2019_C2DNN_29": {"loss": 0.6497267098589377, "acc": 0.6214234828948975}, "2019_C2DNN_2": {"loss": 0.697596551342444, "acc": 0.5481321811676025}, "2019_C2DNN_5": {"loss": 0.7168193140695261, "acc": 0.5390253067016602}, "2019_C2DNN_25": {"loss": 0.6847447183999148, "acc": 0.5734391808509827}, "2019_C2DNN_1": {"loss": 0.6986352884492208, "acc": 0.5650092363357544}, "G12A10": {"loss": 0.6188018802892078, "acc": 0.6533886194229126}, "M12C10": {"loss": 0.7203774891401592, "acc": 0.5268568992614746}, "M25G07": {"loss": 0.7288295430572409, "acc": 0.525807797908783}, "2019_C2DNN_9": {"loss": 0.6886479983458648, "acc": 0.5973583459854126}, "L16W05": {"loss": 0.6111631401275334, "acc": 0.6680654883384705}, "2019_C2DNN_17": {"loss": 0.6295624673366547, "acc": 0.6511628031730652}, "A05S09": {"loss": 0.7112354710698128, "acc": 0.5457468032836914}, "2019_C2DNN_14": {"loss": 0.6950166761875153, "acc": 0.5479452013969421}, "2019_C2DNN_30": {"loss": 0.6515077412128448, "acc": 0.6235003471374512}, "2019_C2DNN_24": {"loss": 0.6996858632841776, "acc": 0.564031183719635}, "2019_C2DNN_15": {"loss": 0.6789824549968426, "acc": 0.5556684136390686}, "E16D09": {"loss": 0.6945584416389465, "acc": 0.5730171799659729}, "M27J04": {"loss": 0.6980246619174355, "acc": 0.5321024060249329}, "E03C02": {"loss": 0.6814349136854473, "acc": 0.5767939686775208}, "E07S07": {"loss": 0.7687466066134604, "acc": 0.466219037771225}, "2019_C2DNN_28": {"loss": 0.6115393673264703, "acc": 0.6573013067245483}, "2019_C2DNN_20": {"loss": 0.6570610722830129, "acc": 0.6128676533699036}, "2019_C2DNN_23": {"loss": 0.6429736042344892, "acc": 0.6245144605636597}, "S06L11": {"loss": 0.7187381573021412, "acc": 0.5458624362945557}, "2019_C2DNN_18": {"loss": 0.6744282272126939, "acc": 0.5938602685928345}, "2019_C2DNN_12": {"loss": 0.6721000324848087, "acc": 0.5838543772697449}, "2019_C2DNN_11": {"loss": 0.6903416445088941, "acc": 0.5641779899597168}, "2019_C2DNN_21": {"loss": 0.6622304547400701, "acc": 0.6094099879264832}, "V09L10": {"loss": 0.6406199647621675, "acc": 0.6398702263832092}, "S23T01": {"loss": 0.6717122824568498, "acc": 0.5996642708778381}, "2019_C2DNN_7": {"loss": 0.663560340570849, "acc": 0.6189952492713928}, "2019_C2DNN_6": {"loss": 0.7054776447740468, "acc": 0.5557940006256104}}