{"S14S04": {"loss": 0.628449313734707, "acc": 0.6548468470573425}, "2019_C2DNN_16": {"loss": 0.6719443506972734, "acc": 0.5980678200721741}, "2019_C2DNN_3": {"loss": 0.5957386635598683, "acc": 0.6741741895675659}, "2019_C2DNN_4": {"loss": 0.6628005151138749, "acc": 0.6038251519203186}, "L02J10": {"loss": 0.6241039877588098, "acc": 0.6640230417251587}, "S07N05": {"loss": 0.5924522241479472, "acc": 0.674569845199585}, "E26L12": {"loss": 0.7143965826222771, "acc": 0.5419639348983765}, "P27T02": {"loss": 0.5853692926466465, "acc": 0.6895343065261841}, "J27V07": {"loss": 0.6129744131314127, "acc": 0.6661770939826965}, "S16T09": {"loss": 0.6917502386005301, "acc": 0.5864456295967102}, "2019_C2DNN_10": {"loss": 0.6531968441876498, "acc": 0.6272232532501221}, "B30K04": {"loss": 0.6349792849076422, "acc": 0.6202266216278076}, "L27G06": {"loss": 0.5822027106034128, "acc": 0.6896768808364868}, "2019_C2DNN_13": {"loss": 0.6600239671940027, "acc": 0.6070252656936646}, "L30P03": {"loss": 0.6836219398598922, "acc": 0.5814099907875061}, "J09H12": {"loss": 0.6851762015568582, "acc": 0.5973562598228455}, "2019_C2DNN_29": {"loss": 0.6076890751719475, "acc": 0.6638054251670837}, "2019_C2DNN_2": {"loss": 0.6623239862647924, "acc": 0.6106321811676025}, "2019_C2DNN_5": {"loss": 0.7083436929902365, "acc": 0.5727372765541077}, "2019_C2DNN_25": {"loss": 0.6353589208288626, "acc": 0.617286205291748}, "2019_C2DNN_1": {"loss": 0.6100577136804891, "acc": 0.6523020267486572}, "G12A10": {"loss": 0.667177637192336, "acc": 0.5841744542121887}, "M12C10": {"loss": 0.7104712505089609, "acc": 0.5369282364845276}, "M25G07": {"loss": 0.6333384286416205, "acc": 0.6344943642616272}, "2019_C2DNN_9": {"loss": 0.6417468568763217, "acc": 0.6180229783058167}, "L16W05": {"loss": 0.6099747262502971, "acc": 0.6672261953353882}, "2019_C2DNN_17": {"loss": 0.5579619165509939, "acc": 0.6952003836631775}, "A05S09": {"loss": 0.6891999403014779, "acc": 0.5694856643676758}, "2019_C2DNN_14": {"loss": 0.7836861670017242, "acc": 0.454623281955719}, "2019_C2DNN_30": {"loss": 0.6968451619148255, "acc": 0.5700423717498779}, "2019_C2DNN_24": {"loss": 0.6669668444367343, "acc": 0.5720118880271912}, "2019_C2DNN_15": {"loss": 0.6024016271799039, "acc": 0.6869158744812012}, "E16D09": {"loss": 0.6961572554550672, "acc": 0.5809903740882874}, "M27J04": {"loss": 0.5789554417133331, "acc": 0.6812840700149536}, "E03C02": {"loss": 0.6223717684808531, "acc": 0.6510700583457947}, "E07S07": {"loss": 0.6656558254831716, "acc": 0.5870751142501831}, "2019_C2DNN_28": {"loss": 0.5483764770419098, "acc": 0.7269870638847351}, "2019_C2DNN_20": {"loss": 0.6402396407238272, "acc": 0.596875011920929}, "2019_C2DNN_23": {"loss": 0.6121578691778956, "acc": 0.6577470898628235}, "S06L11": {"loss": 0.6084355963394046, "acc": 0.6498005986213684}, "2019_C2DNN_18": {"loss": 0.6219819525877635, "acc": 0.6450247168540955}, "2019_C2DNN_12": {"loss": 0.6075899850490482, "acc": 0.6588819622993469}, "2019_C2DNN_11": {"loss": 0.6291090322788372, "acc": 0.6441706418991089}, "2019_C2DNN_21": {"loss": 0.612919990505491, "acc": 0.6364824771881104}, "V09L10": {"loss": 0.6021052314476534, "acc": 0.6919610500335693}, "S23T01": {"loss": 0.5893006748274753, "acc": 0.6663869023323059}, "2019_C2DNN_7": {"loss": 0.7006538191507029, "acc": 0.5672900676727295}, "2019_C2DNN_6": {"loss": 0.6113583499735052, "acc": 0.6489627957344055}}