{"2019_C2DNN_1": {"loss": 0.5162509328126907, "acc": 0.7630490064620972}, "2019_C2DNN_2": {"loss": 0.6430521426247615, "acc": 0.6632398962974548}, "2019_C2DNN_3": {"loss": 0.6048169288100028, "acc": 0.7043027877807617}, "2019_C2DNN_4": {"loss": 0.5940209528803826, "acc": 0.690100908279419}, "2019_C2DNN_5": {"loss": 0.8340954339504242, "acc": 0.5903328061103821}, "2019_C2DNN_6": {"loss": 0.6263918701340171, "acc": 0.6987895965576172}, "2019_C2DNN_7": {"loss": 0.6593700681626796, "acc": 0.6597970724105835}}