{"2019_C2DNN_1": {"loss": 0.4495610111951828, "acc": 0.7988542318344116}, "2019_C2DNN_2": {"loss": 0.578362237589032, "acc": 0.713862955570221}, "2019_C2DNN_3": {"loss": 0.4839922825292665, "acc": 0.7618893384933472}, "2019_C2DNN_4": {"loss": 0.488590332865715, "acc": 0.7703341841697693}, "2019_C2DNN_5": {"loss": 0.677260722219944, "acc": 0.6374009251594543}, "2019_C2DNN_6": {"loss": 0.5603299491545733, "acc": 0.7251706719398499}, "2019_C2DNN_7": {"loss": 0.552404690682888, "acc": 0.7178186178207397}}