{"L16W05": {"loss": 0.12844269443303347, "acc": 0.9576271176338196}, "2019_C2DNN_5": {"loss": 0.5262453456719717, "acc": 0.7634010910987854}, "2019_C2DNN_20": {"loss": 0.1882726446621948, "acc": 0.918367326259613}, "2019_C2DNN_1": {"loss": 0.14400258474051952, "acc": 0.9386616945266724}, "2019_C2DNN_4": {"loss": 0.17359869844383663, "acc": 0.9255514740943909}, "2019_C2DNN_24": {"loss": 0.20611645695235994, "acc": 0.915730357170105}, "E03C02": {"loss": 0.15787758585065603, "acc": 0.9427965879440308}, "2019_C2DNN_29": {"loss": 0.25563609931204057, "acc": 0.8951175212860107}, "2019_C2DNN_28": {"loss": 0.09172572361098395, "acc": 0.9570895433425903}, "2019_C2DNN_13": {"loss": 0.24236964299860927, "acc": 0.905730128288269}, "2019_C2DNN_11": {"loss": 0.2528391049967872, "acc": 0.8970315456390381}, "P27T02": {"loss": 0.22571146275315965, "acc": 0.9229797720909119}, "S06L11": {"loss": 0.26162692265851156, "acc": 0.9045225977897644}, "S14S04": {"loss": 0.21094747027382255, "acc": 0.9046609997749329}, "2019_C2DNN_2": {"loss": 0.3041668501165178, "acc": 0.8702359199523926}, "2019_C2DNN_21": {"loss": 0.37578607102235156, "acc": 0.8192090392112732}, "2019_C2DNN_15": {"loss": 0.2653768789023161, "acc": 0.882956862449646}, "V09L10": {"loss": 0.161863940457503, "acc": 0.938069224357605}, "J27V07": {"loss": 0.30584815610200167, "acc": 0.8591101765632629}, "L02J10": {"loss": 0.07213777717616823, "acc": 0.9872495532035828}, "B30K04": {"loss": 0.245590150821954, "acc": 0.9004237055778503}, "2019_C2DNN_10": {"loss": 0.17494893521070481, "acc": 0.9220985770225525}, "E16D09": {"loss": 0.4928935170173645, "acc": 0.8008474707603455}, "G12A10": {"loss": 0.13185196121533713, "acc": 0.9489981532096863}, "E07S07": {"loss": 0.4003503639250994, "acc": 0.8347457647323608}, "2019_C2DNN_17": {"loss": 0.058351093370999606, "acc": 0.975062370300293}, "M12C10": {"loss": 0.5885021854192019, "acc": 0.7447034120559692}, "M27J04": {"loss": 0.1716977721080184, "acc": 0.9353813529014587}, "2019_C2DNN_7": {"loss": 0.3362194150686264, "acc": 0.8814814686775208}, "2019_C2DNN_16": {"loss": 0.29171760711405015, "acc": 0.8766114115715027}, "2019_C2DNN_18": {"loss": 0.2548217727906174, "acc": 0.8999999761581421}, "2019_C2DNN_23": {"loss": 0.08521890791598707, "acc": 0.9717391133308411}, "2019_C2DNN_6": {"loss": 0.1188069921400812, "acc": 0.9620253443717957}, "2019_C2DNN_14": {"loss": 0.4640289694070816, "acc": 0.7564102411270142}, "L30P03": {"loss": 0.2720781775424257, "acc": 0.8739407062530518}, "2019_C2DNN_30": {"loss": 0.25801849903331864, "acc": 0.9053571224212646}, "S23T01": {"loss": 0.22560876328498125, "acc": 0.9067796468734741}, "S07N05": {"loss": 0.15384175069630146, "acc": 0.9491525292396545}, "J09H12": {"loss": 0.44027246348559856, "acc": 0.8411017060279846}, "2019_C2DNN_9": {"loss": 0.25546007533557713, "acc": 0.8806451559066772}, "M25G07": {"loss": 0.2758135190233588, "acc": 0.8802965879440308}, "A05S09": {"loss": 0.4890847908599036, "acc": 0.7730673551559448}, "L27G06": {"loss": 0.4017613725736737, "acc": 0.8252118825912476}, "2019_C2DNN_3": {"loss": 0.21980489624871147, "acc": 0.9015151262283325}, "E26L12": {"loss": 0.4429213833063841, "acc": 0.819915235042572}, "2019_C2DNN_12": {"loss": 0.17285371695955595, "acc": 0.9192950129508972}, "2019_C2DNN_25": {"loss": 0.22908267854816383, "acc": 0.8868613243103027}, "S16T09": {"loss": 0.7483896613121033, "acc": 0.6885592937469482}}