{"M12C10": {"loss": 0.4975296575576067, "acc": 0.7817796468734741}, "L30P03": {"loss": 0.2708149175159633, "acc": 0.8919491767883301}, "E26L12": {"loss": 0.5180791951715946, "acc": 0.8114407062530518}, "2019_C2DNN_10": {"loss": 0.1837372723966837, "acc": 0.9332273602485657}, "2019_C2DNN_17": {"loss": 0.06330615494932447, "acc": 0.9825436472892761}, "2019_C2DNN_25": {"loss": 0.289516333076689, "acc": 0.8832116723060608}, "E03C02": {"loss": 0.1273048399016261, "acc": 0.9629237055778503}, "S23T01": {"loss": 0.2190084527246654, "acc": 0.9216101765632629}, "2019_C2DNN_2": {"loss": 0.30654384361373055, "acc": 0.8684210777282715}, "E16D09": {"loss": 0.3983843456953764, "acc": 0.8347457647323608}, "M25G07": {"loss": 0.21228879317641258, "acc": 0.9067796468734741}, "2019_C2DNN_23": {"loss": 0.09330721967853606, "acc": 0.968478262424469}, "2019_C2DNN_20": {"loss": 0.24119784186283746, "acc": 0.8914656639099121}, "2019_C2DNN_7": {"loss": 0.406611035267512, "acc": 0.8305555582046509}, "V09L10": {"loss": 0.15928255683845943, "acc": 0.9398906826972961}, "S16T09": {"loss": 0.6452738419175148, "acc": 0.7224576473236084}, "G12A10": {"loss": 0.12381440608037843, "acc": 0.9726775884628296}, "2019_C2DNN_13": {"loss": 0.18434800000654328, "acc": 0.926062822341919}, "2019_C2DNN_21": {"loss": 0.3464670702815056, "acc": 0.8305084705352783}, "2019_C2DNN_12": {"loss": 0.1529724800752269, "acc": 0.9499072432518005}, "2019_C2DNN_6": {"loss": 0.14683817989296383, "acc": 0.9529837369918823}, "2019_C2DNN_29": {"loss": 0.2459736168384552, "acc": 0.8860759735107422}, "J27V07": {"loss": 0.3959869034588337, "acc": 0.8230932354927063}, "2019_C2DNN_15": {"loss": 0.2756034592166543, "acc": 0.8778234124183655}, "2019_C2DNN_30": {"loss": 0.23416390559739536, "acc": 0.9125000238418579}, "2019_C2DNN_9": {"loss": 0.3132970684673637, "acc": 0.8473118543624878}, "2019_C2DNN_18": {"loss": 0.2801082444687684, "acc": 0.8892857432365417}, "P27T02": {"loss": 0.22964543955666677, "acc": 0.9015151262283325}, "M27J04": {"loss": 0.14565536193549633, "acc": 0.944915235042572}, "S14S04": {"loss": 0.1770764938555658, "acc": 0.9269067645072937}, "E07S07": {"loss": 0.5282499101012945, "acc": 0.7966101765632629}, "L02J10": {"loss": 0.08835454492105378, "acc": 0.9781420826911926}, "J09H12": {"loss": 0.559959664940834, "acc": 0.7394067645072937}, "2019_C2DNN_3": {"loss": 0.2004619725048542, "acc": 0.9166666865348816}, "B30K04": {"loss": 0.278638175688684, "acc": 0.8855932354927063}, "2019_C2DNN_5": {"loss": 0.5861829254362318, "acc": 0.7513863444328308}, "2019_C2DNN_4": {"loss": 0.17891628667712212, "acc": 0.9283088445663452}, "2019_C2DNN_11": {"loss": 0.1823937383790811, "acc": 0.9332096576690674}, "S06L11": {"loss": 0.22289177988256728, "acc": 0.9183416962623596}, "L27G06": {"loss": 0.36742311250418425, "acc": 0.8411017060279846}, "2019_C2DNN_14": {"loss": 0.6848385632038116, "acc": 0.6068376302719116}, "2019_C2DNN_1": {"loss": 0.15330899465415213, "acc": 0.9265799522399902}, "A05S09": {"loss": 0.5186494674001422, "acc": 0.751870334148407}, "L16W05": {"loss": 0.16174782160669565, "acc": 0.9343220591545105}, "2019_C2DNN_24": {"loss": 0.24783689859840605, "acc": 0.8876404762268066}, "S07N05": {"loss": 0.12786719761788845, "acc": 0.9597457647323608}, "2019_C2DNN_16": {"loss": 0.3444870511690776, "acc": 0.8563535809516907}, "2019_C2DNN_28": {"loss": 0.06809154670271608, "acc": 0.9934701323509216}}