{"M25G07": {"loss": 0.264388432726264, "acc": 0.8961864113807678}, "2019_C2DNN_3": {"loss": 0.17069557226366466, "acc": 0.935606062412262}, "2019_C2DNN_24": {"loss": 0.22945329257183605, "acc": 0.8951311111450195}, "2019_C2DNN_29": {"loss": 0.20174559081594148, "acc": 0.9023508429527283}, "A05S09": {"loss": 0.5280282582555499, "acc": 0.7456359267234802}, "E03C02": {"loss": 0.12347029475495219, "acc": 0.9597457647323608}, "2019_C2DNN_16": {"loss": 0.32660217748747933, "acc": 0.8499079346656799}, "2019_C2DNN_7": {"loss": 0.3161480675141017, "acc": 0.8759258985519409}, "L02J10": {"loss": 0.06721655320790079, "acc": 0.9854280352592468}, "2019_C2DNN_13": {"loss": 0.20615111260364452, "acc": 0.915896475315094}, "S23T01": {"loss": 0.17977577541023493, "acc": 0.9322034120559692}, "2019_C2DNN_5": {"loss": 0.5348058707184262, "acc": 0.7707948088645935}, "2019_C2DNN_1": {"loss": 0.173222986360391, "acc": 0.9368029832839966}, "B30K04": {"loss": 0.27057428751140833, "acc": 0.8972457647323608}, "2019_C2DNN_20": {"loss": 0.1662661623623636, "acc": 0.9350649118423462}, "S07N05": {"loss": 0.15082057658582926, "acc": 0.9417372941970825}, "J09H12": {"loss": 0.5816452987492085, "acc": 0.7807203531265259}, "E16D09": {"loss": 0.4236554019153118, "acc": 0.8326271176338196}, "2019_C2DNN_18": {"loss": 0.24805325435267556, "acc": 0.8982142806053162}, "L30P03": {"loss": 0.28091366309672594, "acc": 0.8760592937469482}, "2019_C2DNN_21": {"loss": 0.4132739139927758, "acc": 0.8003766536712646}, "S16T09": {"loss": 0.5798439085483551, "acc": 0.7701271176338196}, "2019_C2DNN_28": {"loss": 0.06948289751178688, "acc": 0.9757462739944458}, "P27T02": {"loss": 0.29218712768384386, "acc": 0.8888888955116272}, "2019_C2DNN_2": {"loss": 0.31311975253952873, "acc": 0.8856624364852905}, "J27V07": {"loss": 0.32362679205834866, "acc": 0.8580508232116699}, "2019_C2DNN_12": {"loss": 0.1701762970123026, "acc": 0.9387755393981934}, "2019_C2DNN_17": {"loss": 0.08175097831657954, "acc": 0.967581033706665}, "M27J04": {"loss": 0.16486813453957438, "acc": 0.9385592937469482}, "2019_C2DNN_10": {"loss": 0.19659155756235122, "acc": 0.9125596284866333}, "L27G06": {"loss": 0.4758897963911295, "acc": 0.8262711763381958}, "2019_C2DNN_14": {"loss": 0.7902297824621201, "acc": 0.6153846383094788}, "L16W05": {"loss": 0.14107002737000585, "acc": 0.9406779408454895}, "2019_C2DNN_23": {"loss": 0.07948976766783744, "acc": 0.9717391133308411}, "S14S04": {"loss": 0.2246636487543583, "acc": 0.8813559412956238}, "2019_C2DNN_15": {"loss": 0.27969929575920105, "acc": 0.8675564527511597}, "G12A10": {"loss": 0.14476896449923515, "acc": 0.943533718585968}, "2019_C2DNN_4": {"loss": 0.15322232246398926, "acc": 0.9411764740943909}, "E26L12": {"loss": 0.48582297191023827, "acc": 0.7966101765632629}, "2019_C2DNN_25": {"loss": 0.1762332564426793, "acc": 0.9215328693389893}, "E07S07": {"loss": 0.4365417119115591, "acc": 0.8389830589294434}, "2019_C2DNN_9": {"loss": 0.2312965546734631, "acc": 0.9010752439498901}, "2019_C2DNN_30": {"loss": 0.19772693080206713, "acc": 0.9285714030265808}, "V09L10": {"loss": 0.19565268688731724, "acc": 0.936247706413269}, "M12C10": {"loss": 0.5191639009863138, "acc": 0.7817796468734741}, "2019_C2DNN_6": {"loss": 0.15390393634637198, "acc": 0.9367088675498962}, "S06L11": {"loss": 0.242058698620115, "acc": 0.9020100235939026}, "2019_C2DNN_11": {"loss": 0.2163792865143882, "acc": 0.9053803086280823}}