{"2019_C2DNN_18": {"loss": 0.25295451904336613, "acc": 0.9026785492897034}, "S23T01": {"loss": 0.23677874263375998, "acc": 0.9004237055778503}, "2019_C2DNN_16": {"loss": 0.317325455447038, "acc": 0.8545119762420654}, "2019_C2DNN_15": {"loss": 0.20157957496121526, "acc": 0.9250513315200806}, "B30K04": {"loss": 0.26478879107162356, "acc": 0.8866525292396545}, "2019_C2DNN_7": {"loss": 0.36279579831494224, "acc": 0.8666666746139526}, "2019_C2DNN_21": {"loss": 0.3475044220685959, "acc": 0.8502824902534485}, "M27J04": {"loss": 0.17890786146745086, "acc": 0.9152542352676392}, "2019_C2DNN_11": {"loss": 0.20668413738409677, "acc": 0.929499089717865}, "2019_C2DNN_9": {"loss": 0.1620690666604787, "acc": 0.9344086050987244}, "S07N05": {"loss": 0.1272150669246912, "acc": 0.9491525292396545}, "2019_C2DNN_12": {"loss": 0.21619843732979563, "acc": 0.9165120720863342}, "2019_C2DNN_25": {"loss": 0.225323512736294, "acc": 0.8987226486206055}, "E26L12": {"loss": 0.5170564018189907, "acc": 0.7733050584793091}, "G12A10": {"loss": 0.10650846175849438, "acc": 0.9644808769226074}, "2019_C2DNN_28": {"loss": 0.056296051376395755, "acc": 0.9813432693481445}, "S14S04": {"loss": 0.2370947441086173, "acc": 0.8877118825912476}, "2019_C2DNN_2": {"loss": 0.34715284821059966, "acc": 0.8539019823074341}, "S16T09": {"loss": 0.6620785631239414, "acc": 0.741525411605835}, "2019_C2DNN_4": {"loss": 0.14689540511204136, "acc": 0.9503676295280457}, "E16D09": {"loss": 0.4307153904810548, "acc": 0.8400423526763916}, "L16W05": {"loss": 0.12807038705796003, "acc": 0.9512711763381958}, "P27T02": {"loss": 0.20326096271829946, "acc": 0.9053030014038086}, "J09H12": {"loss": 0.44875746965408325, "acc": 0.7923728823661804}, "E03C02": {"loss": 0.10065705585293472, "acc": 0.9650423526763916}, "S06L11": {"loss": 0.2492578508598464, "acc": 0.927135705947876}, "E07S07": {"loss": 0.4713465701788664, "acc": 0.8220338821411133}, "2019_C2DNN_23": {"loss": 0.09355581720592454, "acc": 0.967391312122345}, "L27G06": {"loss": 0.33431276679039, "acc": 0.8601694703102112}, "2019_C2DNN_13": {"loss": 0.15940340181502202, "acc": 0.9306839108467102}, "2019_C2DNN_10": {"loss": 0.20282427668571473, "acc": 0.9046105146408081}, "M25G07": {"loss": 0.30689336732029915, "acc": 0.9036017060279846}, "2019_C2DNN_3": {"loss": 0.24341017256180444, "acc": 0.8901515007019043}, "M12C10": {"loss": 0.49795207660645247, "acc": 0.8093220591545105}, "2019_C2DNN_14": {"loss": 0.5231585204601288, "acc": 0.7179487347602844}, "2019_C2DNN_17": {"loss": 0.051814526319503784, "acc": 0.9875311851501465}, "L30P03": {"loss": 0.23041206412017345, "acc": 0.9004237055778503}, "A05S09": {"loss": 0.5698525160551071, "acc": 0.7281795740127563}, "2019_C2DNN_1": {"loss": 0.19677738348642984, "acc": 0.9144981503486633}, "J27V07": {"loss": 0.31312934309244156, "acc": 0.8591101765632629}, "2019_C2DNN_29": {"loss": 0.23511044598288006, "acc": 0.8915008902549744}, "L02J10": {"loss": 0.057799590130647026, "acc": 0.9781420826911926}, "2019_C2DNN_6": {"loss": 0.12969782534572813, "acc": 0.9412296414375305}, "V09L10": {"loss": 0.11652563988334602, "acc": 0.9608379006385803}, "2019_C2DNN_5": {"loss": 0.5667483111222585, "acc": 0.7550832033157349}, "2019_C2DNN_30": {"loss": 0.20506010059681204, "acc": 0.9375}, "2019_C2DNN_24": {"loss": 0.13252156496875817, "acc": 0.9353932738304138}, "2019_C2DNN_20": {"loss": 0.23668404834138024, "acc": 0.8988867998123169}}