{"2019_C2DNN_5": {"loss": 0.5947469373544058, "acc": 0.7541589736938477}, "J09H12": {"loss": 0.34181868843734264, "acc": 0.8453390002250671}, "B30K04": {"loss": 0.25226648710668087, "acc": 0.8802965879440308}, "2019_C2DNN_28": {"loss": 0.04787939911087354, "acc": 0.983208954334259}, "2019_C2DNN_6": {"loss": 0.13022623707850775, "acc": 0.9367088675498962}, "E07S07": {"loss": 0.47422847524285316, "acc": 0.8061440587043762}, "2019_C2DNN_15": {"loss": 0.20403035823255777, "acc": 0.9096509218215942}, "A05S09": {"loss": 0.5075057404381889, "acc": 0.7630922794342041}, "E26L12": {"loss": 0.5395507216453552, "acc": 0.805084764957428}, "G12A10": {"loss": 0.12498808652162552, "acc": 0.9517304301261902}, "2019_C2DNN_14": {"loss": 0.6406219005584717, "acc": 0.6666666865348816}, "E03C02": {"loss": 0.13786771753802896, "acc": 0.9406779408454895}, "L30P03": {"loss": 0.26529506337828934, "acc": 0.8760592937469482}, "2019_C2DNN_9": {"loss": 0.19792977417819202, "acc": 0.9107527136802673}, "2019_C2DNN_16": {"loss": 0.3960984895626704, "acc": 0.8664824962615967}, "2019_C2DNN_18": {"loss": 0.25893334050973255, "acc": 0.893750011920929}, "E16D09": {"loss": 0.35637046210467815, "acc": 0.8686440587043762}, "2019_C2DNN_13": {"loss": 0.1486071359573139, "acc": 0.9426987171173096}, "2019_C2DNN_7": {"loss": 0.3275843771795432, "acc": 0.875}, "2019_C2DNN_23": {"loss": 0.08504828199511394, "acc": 0.958695650100708}, "S23T01": {"loss": 0.14935095561668277, "acc": 0.9375}, "2019_C2DNN_3": {"loss": 0.20871189484993616, "acc": 0.9185606241226196}, "2019_C2DNN_2": {"loss": 0.2763543253143628, "acc": 0.8747731447219849}, "S06L11": {"loss": 0.22521932795643806, "acc": 0.9221105575561523}, "P27T02": {"loss": 0.21075496077537537, "acc": 0.8914141654968262}, "2019_C2DNN_12": {"loss": 0.18631335265106624, "acc": 0.923933207988739}, "2019_C2DNN_4": {"loss": 0.14807522628042433, "acc": 0.9439338445663452}, "S14S04": {"loss": 0.13996348902583122, "acc": 0.944915235042572}, "S16T09": {"loss": 0.7496475204825401, "acc": 0.7277542352676392}, "M12C10": {"loss": 0.5080587901175022, "acc": 0.7934321761131287}, "2019_C2DNN_20": {"loss": 0.18257335904571745, "acc": 0.9192950129508972}, "2019_C2DNN_24": {"loss": 0.17723016937573752, "acc": 0.9297752976417542}, "L16W05": {"loss": 0.17171179363504052, "acc": 0.9311440587043762}, "2019_C2DNN_30": {"loss": 0.16777997256981003, "acc": 0.9312499761581421}, "L27G06": {"loss": 0.38615469820797443, "acc": 0.8283898234367371}, "2019_C2DNN_17": {"loss": 0.02984648690159832, "acc": 0.9950124621391296}, "S07N05": {"loss": 0.12987419497221708, "acc": 0.9512711763381958}, "J27V07": {"loss": 0.3049258906394243, "acc": 0.8718220591545105}, "2019_C2DNN_21": {"loss": 0.3516126142607795, "acc": 0.8418079018592834}, "2019_C2DNN_11": {"loss": 0.19933827428354156, "acc": 0.923933207988739}, "2019_C2DNN_29": {"loss": 0.2449258698357476, "acc": 0.887884259223938}, "2019_C2DNN_1": {"loss": 0.1342589528196388, "acc": 0.9442379474639893}, "L02J10": {"loss": 0.0530322615781592, "acc": 0.9863387942314148}, "V09L10": {"loss": 0.11889523391922314, "acc": 0.9590163826942444}, "2019_C2DNN_10": {"loss": 0.1383688859641552, "acc": 0.9531001448631287}, "M25G07": {"loss": 0.24234444741159678, "acc": 0.9004237055778503}, "M27J04": {"loss": 0.16296795848757029, "acc": 0.9353813529014587}, "2019_C2DNN_25": {"loss": 0.20358056036962402, "acc": 0.9197080135345459}}