{"M27J04": {"loss": 0.3463408462703228, "acc": 0.7987288236618042}, "B30K04": {"loss": 0.5022869408130646, "acc": 0.7902542352676392}, "2019_C2DNN_16": {"loss": 0.334532767534256, "acc": 0.8600368499755859}, "G12A10": {"loss": 0.23795297576321495, "acc": 0.8888888955116272}, "2019_C2DNN_10": {"loss": 0.26045468747615813, "acc": 0.8903020620346069}, "2019_C2DNN_5": {"loss": 0.5085086127122244, "acc": 0.7439926266670227}, "2019_C2DNN_20": {"loss": 0.3901769138044781, "acc": 0.8237476944923401}, "2019_C2DNN_21": {"loss": 0.45104026794433594, "acc": 0.8003766536712646}, "E03C02": {"loss": 0.22826057113707066, "acc": 0.9141949415206909}, "2019_C2DNN_25": {"loss": 0.368307414982054, "acc": 0.8448905348777771}, "A05S09": {"loss": 0.5355688418660846, "acc": 0.7456359267234802}, "J09H12": {"loss": 0.4381672851741314, "acc": 0.804025411605835}, "2019_C2DNN_15": {"loss": 0.4196939282119274, "acc": 0.8080081939697266}, "E07S07": {"loss": 0.5097448620945215, "acc": 0.7775423526763916}, "E26L12": {"loss": 0.519497487694025, "acc": 0.7605932354927063}, "2019_C2DNN_28": {"loss": 0.14182290269268882, "acc": 0.9608209133148193}, "2019_C2DNN_12": {"loss": 0.2615838009450171, "acc": 0.9007421135902405}, "2019_C2DNN_18": {"loss": 0.35225707954830593, "acc": 0.8482142686843872}, "2019_C2DNN_11": {"loss": 0.3257395509216521, "acc": 0.8580704927444458}, "J27V07": {"loss": 0.36750219762325287, "acc": 0.8347457647323608}, "L30P03": {"loss": 0.3603469505906105, "acc": 0.8368644118309021}, "2019_C2DNN_1": {"loss": 0.2866239994764328, "acc": 0.8847583532333374}, "V09L10": {"loss": 0.21155811929040486, "acc": 0.9180327653884888}, "P27T02": {"loss": 0.2801224504198347, "acc": 0.8611111044883728}, "S14S04": {"loss": 0.32727255299687386, "acc": 0.8389830589294434}, "2019_C2DNN_13": {"loss": 0.28541263813773793, "acc": 0.8752310276031494}, "M25G07": {"loss": 0.3175975885242224, "acc": 0.8718220591545105}, "2019_C2DNN_7": {"loss": 0.3574131362968021, "acc": 0.8314814567565918}, "L02J10": {"loss": 0.21368702914979723, "acc": 0.9043715596199036}, "L27G06": {"loss": 0.3658722396939993, "acc": 0.8241525292396545}, "2019_C2DNN_30": {"loss": 0.36376407742500305, "acc": 0.8535714149475098}, "2019_C2DNN_23": {"loss": 0.17836021818220615, "acc": 0.928260862827301}, "2019_C2DNN_3": {"loss": 0.2760220376981629, "acc": 0.8996211886405945}, "M12C10": {"loss": 0.5108788162469864, "acc": 0.7542372941970825}, "2019_C2DNN_9": {"loss": 0.32848484069108963, "acc": 0.8301075100898743}, "2019_C2DNN_2": {"loss": 0.4284081988864475, "acc": 0.8148820400238037}, "2019_C2DNN_4": {"loss": 0.3146359655592177, "acc": 0.8446691036224365}, "S06L11": {"loss": 0.3225671499967575, "acc": 0.8819095492362976}, "2019_C2DNN_14": {"loss": 0.765991747379303, "acc": 0.5854700803756714}, "2019_C2DNN_24": {"loss": 0.47145434551768833, "acc": 0.7518726587295532}, "S07N05": {"loss": 0.26184970885515213, "acc": 0.883474588394165}, "L16W05": {"loss": 0.18380351085215807, "acc": 0.929025411605835}, "E16D09": {"loss": 0.47199254482984543, "acc": 0.7860169410705566}, "2019_C2DNN_6": {"loss": 0.21471233665943146, "acc": 0.9204339981079102}, "2019_C2DNN_29": {"loss": 0.2937386863761478, "acc": 0.8607594966888428}, "S16T09": {"loss": 0.5830014273524284, "acc": 0.7108050584793091}, "S23T01": {"loss": 0.3199427183717489, "acc": 0.8506355881690979}, "2019_C2DNN_17": {"loss": 0.18040431823049272, "acc": 0.9351620674133301}}