{"2019_C2DNN_9": {"loss": 0.14375476352870464, "acc": 0.9462365508079529}, "2019_C2DNN_12": {"loss": 0.19002175289723608, "acc": 0.9276437759399414}, "2019_C2DNN_29": {"loss": 0.14965158369806078, "acc": 0.9240506291389465}, "2019_C2DNN_18": {"loss": 0.22649193099803394, "acc": 0.9125000238418579}, "G12A10": {"loss": 0.1363709540002876, "acc": 0.9489981532096863}, "2019_C2DNN_10": {"loss": 0.19853996038436889, "acc": 0.9141494631767273}, "L16W05": {"loss": 0.1121939979493618, "acc": 0.9555084705352783}, "2019_C2DNN_25": {"loss": 0.1580311425237192, "acc": 0.9379562139511108}, "S07N05": {"loss": 0.11701572360470891, "acc": 0.9533898234367371}, "E26L12": {"loss": 0.5420420132577419, "acc": 0.7934321761131287}, "M12C10": {"loss": 0.4850960299372673, "acc": 0.8008474707603455}, "E16D09": {"loss": 0.38686430267989635, "acc": 0.8252118825912476}, "2019_C2DNN_24": {"loss": 0.20272144592470592, "acc": 0.9054307341575623}, "L27G06": {"loss": 0.4019783064723015, "acc": 0.8294491767883301}, "E03C02": {"loss": 0.10236245742999017, "acc": 0.9703390002250671}, "2019_C2DNN_23": {"loss": 0.12695467178127728, "acc": 0.947826087474823}, "V09L10": {"loss": 0.1491362498038345, "acc": 0.9535518884658813}, "2019_C2DNN_4": {"loss": 0.1950905430648062, "acc": 0.9264705777168274}, "2019_C2DNN_20": {"loss": 0.18047529997097123, "acc": 0.9257885217666626}, "2019_C2DNN_14": {"loss": 0.4412861317396164, "acc": 0.7777777910232544}, "2019_C2DNN_30": {"loss": 0.15298188643323052, "acc": 0.9330357313156128}, "A05S09": {"loss": 0.4839056453534535, "acc": 0.7942643165588379}, "L02J10": {"loss": 0.05204941104683611, "acc": 0.9799635410308838}, "2019_C2DNN_11": {"loss": 0.17486552811331219, "acc": 0.926716148853302}, "2019_C2DNN_28": {"loss": 0.06303395910395516, "acc": 0.9785447716712952}, "2019_C2DNN_7": {"loss": 0.317957138021787, "acc": 0.8888888955116272}, "S14S04": {"loss": 0.23899694997817278, "acc": 0.8983050584793091}, "B30K04": {"loss": 0.26849692570976913, "acc": 0.8972457647323608}, "2019_C2DNN_16": {"loss": 0.3001791412631671, "acc": 0.8959484100341797}, "P27T02": {"loss": 0.20173814041273935, "acc": 0.9116161465644836}, "2019_C2DNN_13": {"loss": 0.1805537770398789, "acc": 0.9232901930809021}, "J09H12": {"loss": 0.5476990714669228, "acc": 0.7817796468734741}, "2019_C2DNN_2": {"loss": 0.31986134582095677, "acc": 0.8666061758995056}, "2019_C2DNN_21": {"loss": 0.36679964429802364, "acc": 0.8436911702156067}, "2019_C2DNN_5": {"loss": 0.518694841199451, "acc": 0.7726432681083679}, "2019_C2DNN_15": {"loss": 0.22775321453809738, "acc": 0.8921971321105957}, "S16T09": {"loss": 0.6020069252699614, "acc": 0.7870762944221497}, "S06L11": {"loss": 0.19872671897922242, "acc": 0.9447236061096191}, "M25G07": {"loss": 0.24497161246836185, "acc": 0.9057203531265259}, "S23T01": {"loss": 0.15673642326146364, "acc": 0.9322034120559692}, "2019_C2DNN_3": {"loss": 0.18034570746951634, "acc": 0.9289772510528564}, "M27J04": {"loss": 0.2109255502000451, "acc": 0.9131355881690979}, "L30P03": {"loss": 0.23755416180938482, "acc": 0.9131355881690979}, "2019_C2DNN_1": {"loss": 0.19728303897298044, "acc": 0.9265799522399902}, "J27V07": {"loss": 0.17902131797745824, "acc": 0.9216101765632629}, "2019_C2DNN_17": {"loss": 0.03109120936798198, "acc": 0.9925187230110168}, "E07S07": {"loss": 0.40035116020590067, "acc": 0.8358050584793091}, "2019_C2DNN_6": {"loss": 0.08194816898968485, "acc": 0.9719710946083069}}