{"2019_C2DNN_18": {"loss": 0.2117497238020102, "acc": 0.918749988079071}, "2019_C2DNN_14": {"loss": 0.6291073858737946, "acc": 0.692307710647583}, "2019_C2DNN_16": {"loss": 0.3582209348678589, "acc": 0.8600368499755859}, "2019_C2DNN_17": {"loss": 0.041893206137631624, "acc": 0.9925187230110168}, "2019_C2DNN_30": {"loss": 0.20056521313058007, "acc": 0.9178571701049805}, "M27J04": {"loss": 0.20200308691710234, "acc": 0.9014830589294434}, "E03C02": {"loss": 0.11279983818531036, "acc": 0.9682203531265259}, "S23T01": {"loss": 0.17852448485791683, "acc": 0.9375}, "E07S07": {"loss": 0.5190593935549259, "acc": 0.8156779408454895}, "E16D09": {"loss": 0.3853717967867851, "acc": 0.8411017060279846}, "S06L11": {"loss": 0.25577977512563976, "acc": 0.9309045076370239}, "2019_C2DNN_13": {"loss": 0.18939862493425608, "acc": 0.905730128288269}, "2019_C2DNN_12": {"loss": 0.18689835423396695, "acc": 0.9397031664848328}, "2019_C2DNN_10": {"loss": 0.20909690335392953, "acc": 0.9046105146408081}, "M25G07": {"loss": 0.27922523068264127, "acc": 0.8898305296897888}, "L27G06": {"loss": 0.3872258421033621, "acc": 0.8029661178588867}, "S14S04": {"loss": 0.231519877910614, "acc": 0.9131355881690979}, "L02J10": {"loss": 0.06109334631926484, "acc": 0.9854280352592468}, "J09H12": {"loss": 0.5968935713171959, "acc": 0.7616525292396545}, "2019_C2DNN_21": {"loss": 0.3155245433251063, "acc": 0.8615819215774536}, "L30P03": {"loss": 0.297407255275175, "acc": 0.8792372941970825}, "V09L10": {"loss": 0.13408649102267292, "acc": 0.9471766948699951}, "2019_C2DNN_20": {"loss": 0.19934431008166736, "acc": 0.9165120720863342}, "E26L12": {"loss": 0.41398542560636997, "acc": 0.8432203531265259}, "2019_C2DNN_23": {"loss": 0.0728572792140767, "acc": 0.9652174115180969}, "S07N05": {"loss": 0.12372239911928773, "acc": 0.9427965879440308}, "2019_C2DNN_2": {"loss": 0.3709375162919362, "acc": 0.8511796593666077}, "M12C10": {"loss": 0.5347302556037903, "acc": 0.8093220591545105}, "2019_C2DNN_5": {"loss": 0.5324639313750796, "acc": 0.7809611558914185}, "2019_C2DNN_28": {"loss": 0.04116505788018306, "acc": 0.9944030046463013}, "J27V07": {"loss": 0.24248413927853107, "acc": 0.9057203531265259}, "2019_C2DNN_3": {"loss": 0.2328499456246694, "acc": 0.908143937587738}, "2019_C2DNN_29": {"loss": 0.20010562385949823, "acc": 0.9077757596969604}, "2019_C2DNN_25": {"loss": 0.20373653951618406, "acc": 0.8996350169181824}, "L16W05": {"loss": 0.11815195716917515, "acc": 0.9491525292396545}, "S16T09": {"loss": 0.7322076596319675, "acc": 0.7086864113807678}, "2019_C2DNN_11": {"loss": 0.1938606281247404, "acc": 0.9257885217666626}, "G12A10": {"loss": 0.11737545662456089, "acc": 0.9553734064102173}, "2019_C2DNN_24": {"loss": 0.1966005340218544, "acc": 0.9166666865348816}, "2019_C2DNN_6": {"loss": 0.11455659030212297, "acc": 0.9538878798484802}, "A05S09": {"loss": 0.49260035157203674, "acc": 0.776807963848114}, "B30K04": {"loss": 0.34126484580338, "acc": 0.8622881174087524}, "2019_C2DNN_9": {"loss": 0.11604813719168305, "acc": 0.9591397643089294}, "2019_C2DNN_15": {"loss": 0.17257490009069443, "acc": 0.9229979515075684}, "2019_C2DNN_7": {"loss": 0.2727895114156935, "acc": 0.8777777552604675}, "2019_C2DNN_4": {"loss": 0.15760110567013422, "acc": 0.9384191036224365}, "2019_C2DNN_1": {"loss": 0.11407404392957687, "acc": 0.9553903341293335}, "P27T02": {"loss": 0.20105859743697302, "acc": 0.9292929172515869}}