{"2019_C2DNN_1": {"loss": 0.49582055807113645, "acc": 0.7794398665428162}, "2019_C2DNN_2": {"loss": 0.6148069635325787, "acc": 0.6699376702308655}, "2019_C2DNN_3": {"loss": 0.5422077109010852, "acc": 0.7290520668029785}, "2019_C2DNN_4": {"loss": 0.5805133801698684, "acc": 0.6954602599143982}, "2019_C2DNN_5": {"loss": 0.712757117152214, "acc": 0.6036450266838074}, "2019_C2DNN_6": {"loss": 0.5255872554638806, "acc": 0.740844190120697}, "2019_C2DNN_7": {"loss": 0.6003724712133408, "acc": 0.6770767569541931}, "2019_C2DNN_9": {"loss": 0.5829543665397999, "acc": 0.6970587968826294}, "2019_C2DNN_10": {"loss": 0.5539689777713073, "acc": 0.6981782913208008}, "2019_C2DNN_11": {"loss": 0.5654258179664612, "acc": 0.6994274854660034}, "2019_C2DNN_12": {"loss": 0.5287116062641144, "acc": 0.7291666865348816}, "2019_C2DNN_13": {"loss": 0.4793929708003998, "acc": 0.7771446704864502}, "2019_C2DNN_14": {"loss": 0.6657357324253429, "acc": 0.626086950302124}, "2019_C2DNN_15": {"loss": 0.5997112658288744, "acc": 0.6874779462814331}, "2019_C2DNN_16": {"loss": 0.5975167572498321, "acc": 0.6903785467147827}, "2019_C2DNN_17": {"loss": 0.4404408327631048, "acc": 0.7775641083717346}, "2019_C2DNN_18": {"loss": 0.49742040622468087, "acc": 0.7448635101318359}, "2019_C2DNN_20": {"loss": 0.5512029212713242, "acc": 0.7254528403282166}, "2019_C2DNN_21": {"loss": 0.6056100263887522, "acc": 0.6920102834701538}, "2019_C2DNN_23": {"loss": 0.43977837091268496, "acc": 0.7949814200401306}, "2019_C2DNN_24": {"loss": 0.6223643677575248, "acc": 0.6872797012329102}, "2019_C2DNN_25": {"loss": 0.5399171620607376, "acc": 0.7267041802406311}, "2019_C2DNN_28": {"loss": 0.444690431867327, "acc": 0.7847332954406738}, "2019_C2DNN_29": {"loss": 0.4782422021323559, "acc": 0.7594661712646484}, "2019_C2DNN_30": {"loss": 0.5440883145612829, "acc": 0.7223244309425354}, "A05S09": {"loss": 0.6336850040667766, "acc": 0.6492951512336731}, "B30K04": {"loss": 0.5487476573749022, "acc": 0.7041742205619812}, "E03C02": {"loss": 0.5294193564490839, "acc": 0.7290381193161011}, "E07S07": {"loss": 0.5752388706261461, "acc": 0.7001814842224121}, "E16D09": {"loss": 0.6590549376877871, "acc": 0.6392014622688293}, "E26L12": {"loss": 0.7337838973511349, "acc": 0.5998185276985168}, "G12A10": {"loss": 0.4852457657456398, "acc": 0.7569553256034851}, "J09H12": {"loss": 0.7124225761402737, "acc": 0.6132486462593079}, "J27V07": {"loss": 0.6438812721859325, "acc": 0.6720508337020874}, "L02J10": {"loss": 0.4458369642496109, "acc": 0.8015004396438599}, "L16W05": {"loss": 0.4836442091248252, "acc": 0.7551724314689636}, "L27G06": {"loss": 0.6334092423997142, "acc": 0.6511796712875366}, "L30P03": {"loss": 0.5623553090474822, "acc": 0.7050816416740417}, "M12C10": {"loss": 0.6702645691958341, "acc": 0.6431941986083984}, "M25G07": {"loss": 0.5531420788981698, "acc": 0.7388384938240051}, "M27J04": {"loss": 0.5934639159928669, "acc": 0.711615264415741}, "P27T02": {"loss": 0.5834186657055004, "acc": 0.6947323083877563}, "S06L11": {"loss": 0.5251687789285505, "acc": 0.7375215291976929}, "S07N05": {"loss": 0.5257536680860952, "acc": 0.7294011116027832}, "S14S04": {"loss": 0.6392123929478906, "acc": 0.6573503017425537}, "S16T09": {"loss": 0.7369729165326465, "acc": 0.5949183106422424}, "S23T01": {"loss": 0.5709984570064328, "acc": 0.7078039646148682}, "V09L10": {"loss": 0.518322286605835, "acc": 0.7389809489250183}}