{"2019_C2DNN_1": {"loss": 0.5094610691070557, "acc": 0.7538192272186279}, "2019_C2DNN_2": {"loss": 0.6343724704256245, "acc": 0.6475077867507935}, "2019_C2DNN_3": {"loss": 0.4910234717690215, "acc": 0.7502426505088806}, "2019_C2DNN_4": {"loss": 0.5487183022499085, "acc": 0.7239911556243896}, "2019_C2DNN_5": {"loss": 0.6753456008434295, "acc": 0.5980982780456543}, "2019_C2DNN_6": {"loss": 0.4956924944531684, "acc": 0.7728118896484375}, "2019_C2DNN_7": {"loss": 0.5736334687471389, "acc": 0.7060875296592712}, "2019_C2DNN_9": {"loss": 0.4971797348454941, "acc": 0.7523897290229797}, "2019_C2DNN_10": {"loss": 0.5311123331387838, "acc": 0.7318520545959473}, "2019_C2DNN_11": {"loss": 0.4934014707803726, "acc": 0.7492048144340515}, "2019_C2DNN_12": {"loss": 0.42691501826047895, "acc": 0.8107506632804871}, "2019_C2DNN_13": {"loss": 0.4843332287669182, "acc": 0.7606837749481201}, "2019_C2DNN_14": {"loss": 0.7232710393992338, "acc": 0.5463768243789673}, "2019_C2DNN_15": {"loss": 0.49747868776321413, "acc": 0.7500881552696228}, "2019_C2DNN_16": {"loss": 0.5786391133069992, "acc": 0.6821766495704651}, "2019_C2DNN_17": {"loss": 0.3128317542172767, "acc": 0.8724358677864075}, "2019_C2DNN_18": {"loss": 0.45761608609966203, "acc": 0.7812020778656006}, "2019_C2DNN_20": {"loss": 0.5062633329629898, "acc": 0.7524626851081848}, "2019_C2DNN_21": {"loss": 0.5233488976955414, "acc": 0.7429123520851135}, "2019_C2DNN_23": {"loss": 0.41421940251318523, "acc": 0.809107780456543}, "2019_C2DNN_24": {"loss": 0.47284669900427057, "acc": 0.7604934573173523}, "2019_C2DNN_25": {"loss": 0.44808874487876893, "acc": 0.7934646606445312}, "2019_C2DNN_28": {"loss": 0.34149411351096876, "acc": 0.8518045544624329}, "2019_C2DNN_29": {"loss": 0.35968103639635385, "acc": 0.8527312278747559}, "2019_C2DNN_30": {"loss": 0.5019904918530408, "acc": 0.7594296336174011}, "A05S09": {"loss": 0.6834948715325948, "acc": 0.5862879157066345}, "B30K04": {"loss": 0.596519297496839, "acc": 0.6765879988670349}, "E03C02": {"loss": 0.5755563554438677, "acc": 0.7041742205619812}, "E07S07": {"loss": 0.622434295036576, "acc": 0.6707804203033447}, "E16D09": {"loss": 0.5878588692708449, "acc": 0.6894736886024475}, "E26L12": {"loss": 0.6592867564071309, "acc": 0.627041757106781}, "G12A10": {"loss": 0.42847248136997224, "acc": 0.7979056239128113}, "J09H12": {"loss": 0.6734859076413241, "acc": 0.5823956727981567}, "J27V07": {"loss": 0.5522252802144397, "acc": 0.7328493595123291}, "L02J10": {"loss": 0.34048512995243074, "acc": 0.861675500869751}, "L16W05": {"loss": 0.5334989469159733, "acc": 0.7308530211448669}, "L27G06": {"loss": 0.6019661399451169, "acc": 0.6725952625274658}, "L30P03": {"loss": 0.5475400882688436, "acc": 0.7368420958518982}, "M12C10": {"loss": 0.6241817393086173, "acc": 0.663520872592926}, "M25G07": {"loss": 0.5384173908016898, "acc": 0.7246823906898499}, "M27J04": {"loss": 0.5712464905597947, "acc": 0.7168784141540527}, "P27T02": {"loss": 0.3977976771625313, "acc": 0.8365716934204102}, "S06L11": {"loss": 0.48433543057055084, "acc": 0.7583907246589661}, "S07N05": {"loss": 0.4912266511131417, "acc": 0.7658802270889282}, "S14S04": {"loss": 0.6035117473114621, "acc": 0.6764065623283386}, "S16T09": {"loss": 0.652260345491496, "acc": 0.6294010877609253}, "S23T01": {"loss": 0.5222197493368929, "acc": 0.7341197729110718}, "V09L10": {"loss": 0.4360506945848465, "acc": 0.7952485084533691}}