{"2019_C2DNN_16": {"loss": 0.5114998320738474, "acc": 0.7495396137237549}, "A05S09": {"loss": 0.8178999551704952, "acc": 0.6084787845611572}, "L30P03": {"loss": 0.4348834678530693, "acc": 0.7754237055778503}, "J09H12": {"loss": 0.6245553120970726, "acc": 0.7203390002250671}, "2019_C2DNN_11": {"loss": 0.3919064733717177, "acc": 0.8311688303947449}, "M12C10": {"loss": 0.6436050273478031, "acc": 0.7203390002250671}, "2019_C2DNN_30": {"loss": 0.36519868506325615, "acc": 0.8303571343421936}, "2019_C2DNN_18": {"loss": 0.3868090096447203, "acc": 0.8125}, "2019_C2DNN_29": {"loss": 0.29401308794816333, "acc": 0.8860759735107422}, "S23T01": {"loss": 0.524764372035861, "acc": 0.7923728823661804}, "2019_C2DNN_1": {"loss": 0.4526384969552358, "acc": 0.7806691527366638}, "L16W05": {"loss": 0.3049657866358757, "acc": 0.875}, "2019_C2DNN_25": {"loss": 0.5260937843057845, "acc": 0.779197096824646}, "2019_C2DNN_23": {"loss": 0.35346144437789917, "acc": 0.8478260636329651}, "L27G06": {"loss": 0.5501688346266747, "acc": 0.7076271176338196}, "E26L12": {"loss": 0.6475135013461113, "acc": 0.6546609997749329}, "2019_C2DNN_24": {"loss": 0.5551498118374083, "acc": 0.7247191071510315}, "2019_C2DNN_10": {"loss": 0.41769665479660034, "acc": 0.791732907295227}, "2019_C2DNN_5": {"loss": 0.6488215890195634, "acc": 0.6524953842163086}, "S06L11": {"loss": 0.7672266960144043, "acc": 0.8115577697753906}, "M25G07": {"loss": 0.6666642688214779, "acc": 0.7436440587043762}, "E03C02": {"loss": 0.3179594911634922, "acc": 0.8792372941970825}, "2019_C2DNN_12": {"loss": 0.3612883571121428, "acc": 0.8367347121238708}, "2019_C2DNN_9": {"loss": 0.7183164283633232, "acc": 0.7333333492279053}, "2019_C2DNN_20": {"loss": 0.4925469226307339, "acc": 0.7532467246055603}, "2019_C2DNN_13": {"loss": 0.502492207619879, "acc": 0.8207023739814758}, "S07N05": {"loss": 0.32875142991542816, "acc": 0.8432203531265259}, "2019_C2DNN_4": {"loss": 0.4930127130614387, "acc": 0.8051470518112183}, "M27J04": {"loss": 0.4389587910845876, "acc": 0.7521186470985413}, "L02J10": {"loss": 0.38503819538487327, "acc": 0.8433515429496765}, "2019_C2DNN_7": {"loss": 0.4451233181688521, "acc": 0.7851851582527161}, "J27V07": {"loss": 0.5348277539014816, "acc": 0.7055084705352783}, "V09L10": {"loss": 0.31621284120612675, "acc": 0.8633880019187927}, "G12A10": {"loss": 0.3028877096043693, "acc": 0.8706739544868469}, "2019_C2DNN_15": {"loss": 0.4815196543931961, "acc": 0.7700205445289612}, "2019_C2DNN_21": {"loss": 0.50731779800521, "acc": 0.7288135886192322}, "2019_C2DNN_3": {"loss": 0.3803659843073951, "acc": 0.8446969985961914}, "S16T09": {"loss": 0.5886640176177025, "acc": 0.694915235042572}, "2019_C2DNN_2": {"loss": 0.5317882829242282, "acc": 0.7622504830360413}, "E07S07": {"loss": 0.681652121245861, "acc": 0.7203390002250671}, "2019_C2DNN_6": {"loss": 0.4153173317511876, "acc": 0.8390596508979797}, "2019_C2DNN_28": {"loss": 0.20040472431315315, "acc": 0.9365671873092651}, "E16D09": {"loss": 0.570587120950222, "acc": 0.7966101765632629}, "B30K04": {"loss": 0.756081648170948, "acc": 0.6652542352676392}, "2019_C2DNN_14": {"loss": 0.8795163929462433, "acc": 0.632478654384613}, "P27T02": {"loss": 0.7935945902551923, "acc": 0.8030303120613098}, "S14S04": {"loss": 0.5504650324583054, "acc": 0.7372881174087524}, "2019_C2DNN_17": {"loss": 0.3727977009756224, "acc": 0.8004987239837646}}