{"S14S04": {"loss": 0.6268393180190205, "acc": 0.6239564418792725}, "2019_C2DNN_3": {"loss": 0.615911990404129, "acc": 0.6460692286491394}, "S06L11": {"loss": 0.6278607313697403, "acc": 0.641566276550293}, "L30P03": {"loss": 0.7666113674640656, "acc": 0.6508166790008545}, "2019_C2DNN_9": {"loss": 0.653045657069184, "acc": 0.622426450252533}, "S23T01": {"loss": 0.7425070574337785, "acc": 0.6602540612220764}, "2019_C2DNN_16": {"loss": 0.6397078627347946, "acc": 0.6422712802886963}, "2019_C2DNN_21": {"loss": 0.6551655585668525, "acc": 0.625}, "A05S09": {"loss": 0.6909660680873974, "acc": 0.557881236076355}, "V09L10": {"loss": 0.5781043636798858, "acc": 0.7205376625061035}, "2019_C2DNN_20": {"loss": 0.6568283295631409, "acc": 0.6170956492424011}, "2019_C2DNN_14": {"loss": 0.7152688936753706, "acc": 0.5623188614845276}, "E16D09": {"loss": 0.6657161827791821, "acc": 0.6188747882843018}, "2019_C2DNN_29": {"loss": 0.589476224546339, "acc": 0.699255108833313}, "2019_C2DNN_11": {"loss": 0.6128131350874901, "acc": 0.6682569980621338}, "L16W05": {"loss": 0.5773135733960028, "acc": 0.6972776651382446}, "2019_C2DNN_10": {"loss": 0.622939304824461, "acc": 0.6395252346992493}, "2019_C2DNN_23": {"loss": 0.5761827258176582, "acc": 0.6806691288948059}, "2019_C2DNN_5": {"loss": 0.6878196340799332, "acc": 0.5755943059921265}, "S07N05": {"loss": 0.71706353940747, "acc": 0.6958257555961609}, "B30K04": {"loss": 0.6806066821921956, "acc": 0.5698729753494263}, "2019_C2DNN_1": {"loss": 0.7091121691465377, "acc": 0.6569064259529114}, "P27T02": {"loss": 0.6306257658713573, "acc": 0.670552670955658}, "E07S07": {"loss": 0.800233007832007, "acc": 0.5872958302497864}, "E03C02": {"loss": 0.6036787581714717, "acc": 0.6595281362533569}, "2019_C2DNN_15": {"loss": 0.6586625357468923, "acc": 0.6419752836227417}, "E26L12": {"loss": 0.8112666783007708, "acc": 0.6068965792655945}, "L02J10": {"loss": 0.612872125506401, "acc": 0.6655204892158508}, "2019_C2DNN_25": {"loss": 0.6259433072805405, "acc": 0.6541588306427002}, "2019_C2DNN_6": {"loss": 0.6348957384333891, "acc": 0.6300434470176697}, "L27G06": {"loss": 0.6589119637554343, "acc": 0.5912885665893555}, "2019_C2DNN_12": {"loss": 0.5794146633148194, "acc": 0.68638676404953}, "G12A10": {"loss": 0.5772262269258499, "acc": 0.7133479118347168}, "M12C10": {"loss": 0.6624880733037241, "acc": 0.5865698456764221}, "S16T09": {"loss": 0.917925969443538, "acc": 0.5970962047576904}, "M27J04": {"loss": 0.8248310928994959, "acc": 0.6370235681533813}, "2019_C2DNN_30": {"loss": 0.6256856258008995, "acc": 0.6445875763893127}, "2019_C2DNN_24": {"loss": 0.6782627999782562, "acc": 0.5725728869438171}, "2019_C2DNN_4": {"loss": 0.6479759150743485, "acc": 0.6324085593223572}, "J09H12": {"loss": 0.6512370667504993, "acc": 0.6054446697235107}, "2019_C2DNN_2": {"loss": 0.6829734900418449, "acc": 0.6155763268470764}, "2019_C2DNN_18": {"loss": 0.599487876775218, "acc": 0.6743330359458923}, "2019_C2DNN_13": {"loss": 0.605820151567459, "acc": 0.6748971343040466}, "2019_C2DNN_7": {"loss": 0.6256959694623947, "acc": 0.6613823771476746}, "J27V07": {"loss": 0.9396742175925862, "acc": 0.6170598864555359}, "2019_C2DNN_28": {"loss": 0.5436527102577443, "acc": 0.7614181041717529}, "M25G07": {"loss": 0.6112448218701626, "acc": 0.6508166790008545}, "2019_C2DNN_17": {"loss": 0.5960192519265253, "acc": 0.6777777671813965}}