{"2019_C2DNN_2": {"loss": 0.5845981491239447, "acc": 0.6875522136688232}, "2019_C2DNN_6": {"loss": 0.54124694905783, "acc": 0.7435470223426819}, "G12A10": {"loss": 0.4272719425590415, "acc": 0.8171141147613525}, "S06L11": {"loss": 0.546128089938845, "acc": 0.7514451146125793}, "B30K04": {"loss": 0.6233421322848538, "acc": 0.61208575963974}, "2019_C2DNN_29": {"loss": 0.5096339928476434, "acc": 0.7626977562904358}, "2019_C2DNN_28": {"loss": 0.3603942260930413, "acc": 0.8765008449554443}, "2019_C2DNN_9": {"loss": 0.592521520331502, "acc": 0.6791707873344421}, "2019_C2DNN_21": {"loss": 0.5757585716874983, "acc": 0.6920415163040161}, "M27J04": {"loss": 0.5442465543746948, "acc": 0.6861598491668701}, "P27T02": {"loss": 0.5308530330657959, "acc": 0.7714617252349854}, "2019_C2DNN_11": {"loss": 0.5387436904405293, "acc": 0.7352690100669861}, "2019_C2DNN_17": {"loss": 0.48260298371315, "acc": 0.7385321259498596}, "2019_C2DNN_14": {"loss": 0.7044800370931625, "acc": 0.55078125}, "2019_C2DNN_16": {"loss": 0.5864537232800534, "acc": 0.7098138928413391}, "2019_C2DNN_10": {"loss": 0.600101962685585, "acc": 0.7192336320877075}, "E16D09": {"loss": 0.5603838860988626, "acc": 0.6929824352264404}, "L16W05": {"loss": 0.43988215748001547, "acc": 0.8050682544708252}, "2019_C2DNN_12": {"loss": 0.5002844992436861, "acc": 0.7685738801956177}, "J09H12": {"loss": 0.5794395069888731, "acc": 0.6481481194496155}, "E03C02": {"loss": 1.3653886072775896, "acc": 0.7777777910232544}, "2019_C2DNN_5": {"loss": 0.6891474535590724, "acc": 0.6079931855201721}, "L30P03": {"loss": 0.9907571498085471, "acc": 0.691033124923706}, "L27G06": {"loss": 0.6006085767465479, "acc": 0.6345029473304749}, "2019_C2DNN_30": {"loss": 0.5125092958149157, "acc": 0.7639802694320679}, "V09L10": {"loss": 0.448709731039248, "acc": 0.8213087320327759}, "2019_C2DNN_3": {"loss": 0.5200197332435184, "acc": 0.7245873212814331}, "2019_C2DNN_13": {"loss": 0.49778314483793157, "acc": 0.7544605135917664}, "S14S04": {"loss": 0.6962815119939691, "acc": 0.6871345043182373}, "2019_C2DNN_7": {"loss": 0.5375012849506579, "acc": 0.7514893412590027}, "2019_C2DNN_1": {"loss": 0.5678294708854273, "acc": 0.7267292737960815}, "S07N05": {"loss": 0.6048110144979814, "acc": 0.7495126724243164}, "2019_C2DNN_25": {"loss": 0.5569121665076205, "acc": 0.7382550239562988}, "J27V07": {"loss": 0.6574950884370243, "acc": 0.7124756574630737}, "A05S09": {"loss": 0.6971215435436794, "acc": 0.5970149040222168}, "E07S07": {"loss": 0.5784421133644574, "acc": 0.6481481194496155}, "2019_C2DNN_24": {"loss": 0.7386905786238218, "acc": 0.6075731515884399}, "2019_C2DNN_20": {"loss": 0.5773699518881346, "acc": 0.6709292531013489}, "S23T01": {"loss": 0.8193734638831195, "acc": 0.7066276669502258}, "2019_C2DNN_23": {"loss": 0.471095185726881, "acc": 0.7922077775001526}, "S16T09": {"loss": 0.9180441078017739, "acc": 0.6432748436927795}, "2019_C2DNN_15": {"loss": 0.58085016467992, "acc": 0.7095553278923035}, "L02J10": {"loss": 0.5072282662517146, "acc": 0.7634228467941284}, "M25G07": {"loss": 0.518836696358288, "acc": 0.6998050808906555}, "E26L12": {"loss": 0.675662670065375, "acc": 0.6461988091468811}, "2019_C2DNN_18": {"loss": 0.4886255029000734, "acc": 0.7582237124443054}, "M12C10": {"loss": 0.6122311476398917, "acc": 0.6276803016662598}, "2019_C2DNN_4": {"loss": 0.5793685379781222, "acc": 0.6920473575592041}}