{"J27V07": {"loss": 0.5348277278244495, "acc": 0.7055084705352783}, "S14S04": {"loss": 0.5504645369946957, "acc": 0.7372881174087524}, "J09H12": {"loss": 0.6245551593601704, "acc": 0.7203390002250671}, "2019_C2DNN_11": {"loss": 0.3919063111146291, "acc": 0.8311688303947449}, "M25G07": {"loss": 0.6666617430746555, "acc": 0.7436440587043762}, "2019_C2DNN_25": {"loss": 0.5260935790008969, "acc": 0.779197096824646}, "L27G06": {"loss": 0.550168588757515, "acc": 0.7076271176338196}, "S23T01": {"loss": 0.5247639156877995, "acc": 0.7923728823661804}, "E26L12": {"loss": 0.6475133523344994, "acc": 0.6546609997749329}, "2019_C2DNN_9": {"loss": 0.7183140516281128, "acc": 0.7333333492279053}, "2019_C2DNN_10": {"loss": 0.4176964104175568, "acc": 0.791732907295227}, "2019_C2DNN_1": {"loss": 0.4526384042368995, "acc": 0.7806691527366638}, "2019_C2DNN_23": {"loss": 0.35346140526235104, "acc": 0.8478260636329651}, "B30K04": {"loss": 0.7560806646943092, "acc": 0.6652542352676392}, "2019_C2DNN_5": {"loss": 0.6488213406668769, "acc": 0.6524953842163086}, "2019_C2DNN_2": {"loss": 0.5317880478170183, "acc": 0.7622504830360413}, "L30P03": {"loss": 0.4348833318799734, "acc": 0.7754237055778503}, "M27J04": {"loss": 0.43895853497087955, "acc": 0.7521186470985413}, "L16W05": {"loss": 0.30496567860245705, "acc": 0.875}, "2019_C2DNN_18": {"loss": 0.3868088689115312, "acc": 0.8125}, "2019_C2DNN_20": {"loss": 0.4925467338826921, "acc": 0.7532467246055603}, "2019_C2DNN_12": {"loss": 0.3612881518072552, "acc": 0.8367347121238708}, "E16D09": {"loss": 0.5705865882337093, "acc": 0.7966101765632629}, "2019_C2DNN_21": {"loss": 0.5073176092571683, "acc": 0.7288135886192322}, "2019_C2DNN_3": {"loss": 0.3803651448753145, "acc": 0.8446969985961914}, "E03C02": {"loss": 0.3179592527449131, "acc": 0.8792372941970825}, "2019_C2DNN_17": {"loss": 0.3727975072605269, "acc": 0.8004987239837646}, "M12C10": {"loss": 0.6436047479510307, "acc": 0.7203390002250671}, "2019_C2DNN_4": {"loss": 0.49301233887672424, "acc": 0.8051470518112183}, "S07N05": {"loss": 0.3287511393427849, "acc": 0.8432203531265259}, "2019_C2DNN_14": {"loss": 0.8795161545276642, "acc": 0.632478654384613}, "A05S09": {"loss": 0.8178992441722325, "acc": 0.6084787845611572}, "2019_C2DNN_16": {"loss": 0.5114995572302077, "acc": 0.7495396137237549}, "S06L11": {"loss": 0.7657580205372402, "acc": 0.8115577697753906}, "2019_C2DNN_15": {"loss": 0.4815196543931961, "acc": 0.7700205445289612}, "2019_C2DNN_28": {"loss": 0.20040454467137656, "acc": 0.9365671873092651}, "2019_C2DNN_6": {"loss": 0.41531703538364834, "acc": 0.8390596508979797}, "V09L10": {"loss": 0.3162127037843068, "acc": 0.8633880019187927}, "2019_C2DNN_29": {"loss": 0.2940128743648529, "acc": 0.8860759735107422}, "2019_C2DNN_30": {"loss": 0.3651985443300671, "acc": 0.8303571343421936}, "2019_C2DNN_13": {"loss": 0.502491467528873, "acc": 0.8207023739814758}, "2019_C2DNN_7": {"loss": 0.4451231625345018, "acc": 0.7851851582527161}, "L02J10": {"loss": 0.3850380347834693, "acc": 0.8433515429496765}, "G12A10": {"loss": 0.302887499332428, "acc": 0.8706739544868469}, "P27T02": {"loss": 0.7935813197067806, "acc": 0.8030303120613098}, "S16T09": {"loss": 0.5886637344956398, "acc": 0.694915235042572}, "2019_C2DNN_24": {"loss": 0.5551492737399207, "acc": 0.7247191071510315}, "E07S07": {"loss": 0.6816485896706581, "acc": 0.7203390002250671}}