{"2019_C2DNN_18": {"loss": 0.34699338752972453, "acc": 0.8408716917037964}, "S23T01": {"loss": 0.3388460611595827, "acc": 0.8586744666099548}, "E03C02": {"loss": 0.27561821613241644, "acc": 0.8864522576332092}, "A05S09": {"loss": 0.6281771595988955, "acc": 0.7118254899978638}, "2019_C2DNN_7": {"loss": 0.46418123104070363, "acc": 0.8012766242027283}, "G12A10": {"loss": 0.2375801111522474, "acc": 0.8942952752113342}, "2019_C2DNN_13": {"loss": 0.276097133559616, "acc": 0.8768054246902466}, "2019_C2DNN_28": {"loss": 0.16001318179463087, "acc": 0.9399656653404236}, "2019_C2DNN_10": {"loss": 0.33194003762169316, "acc": 0.8419307470321655}, "2019_C2DNN_3": {"loss": 0.40504465086592567, "acc": 0.816246747970581}, "2019_C2DNN_20": {"loss": 0.3841523904549448, "acc": 0.8290707468986511}, "2019_C2DNN_30": {"loss": 0.3734535857250816, "acc": 0.8318256735801697}, "2019_C2DNN_21": {"loss": 0.5539464562347061, "acc": 0.7465397715568542}, "L02J10": {"loss": 0.16292285193738185, "acc": 0.9307885766029358}, "S16T09": {"loss": 0.7228809104246252, "acc": 0.6481481194496155}, "2019_C2DNN_6": {"loss": 0.3540896141999646, "acc": 0.8492922782897949}, "E07S07": {"loss": 0.5076924799119725, "acc": 0.764132559299469}, "J27V07": {"loss": 0.5041317738154355, "acc": 0.7534112930297852}, "V09L10": {"loss": 0.3187670217532861, "acc": 0.8557047247886658}, "S14S04": {"loss": 0.39520514011383057, "acc": 0.7958089709281921}, "E26L12": {"loss": 0.5979424732572892, "acc": 0.7465887069702148}, "2019_C2DNN_16": {"loss": 0.5033224977945027, "acc": 0.7779187560081482}, "2019_C2DNN_12": {"loss": 0.30815999445162323, "acc": 0.859521746635437}, "2019_C2DNN_11": {"loss": 0.4013041430398038, "acc": 0.8437232971191406}, "J09H12": {"loss": 0.6121682577273425, "acc": 0.6832358837127686}, "P27T02": {"loss": 0.44053434687001364, "acc": 0.8161252737045288}, "L30P03": {"loss": 0.35611631852738995, "acc": 0.8279727101325989}, "2019_C2DNN_15": {"loss": 0.35836170701419606, "acc": 0.8368022441864014}, "2019_C2DNN_9": {"loss": 0.3546789581887424, "acc": 0.8390917778015137}, "L27G06": {"loss": 0.5203084034078261, "acc": 0.7465887069702148}, "2019_C2DNN_17": {"loss": 0.20421718220625604, "acc": 0.9065366983413696}, "S07N05": {"loss": 0.26762494795462666, "acc": 0.878654956817627}, "L16W05": {"loss": 0.23939143121242523, "acc": 0.899610161781311}, "S06L11": {"loss": 0.35639205468552454, "acc": 0.8618497252464294}, "2019_C2DNN_5": {"loss": 0.7669520111460435, "acc": 0.6373299360275269}, "2019_C2DNN_1": {"loss": 0.2856829833043249, "acc": 0.8774551749229431}, "E16D09": {"loss": 0.512814891688964, "acc": 0.7587719559669495}, "M12C10": {"loss": 0.5568513975423925, "acc": 0.7426900863647461}, "2019_C2DNN_23": {"loss": 0.19269985472783446, "acc": 0.9070929288864136}, "2019_C2DNN_24": {"loss": 0.3748930892661998, "acc": 0.8364887833595276}, "2019_C2DNN_14": {"loss": 0.7060181498527527, "acc": 0.59765625}, "2019_C2DNN_29": {"loss": 0.3392615075174131, "acc": 0.8696919083595276}, "M25G07": {"loss": 0.3761906203101663, "acc": 0.8284600377082825}, "2019_C2DNN_25": {"loss": 0.3827211692144996, "acc": 0.836828887462616}, "2019_C2DNN_4": {"loss": 0.3133447091830404, "acc": 0.846869707107544}, "B30K04": {"loss": 0.3421370464870158, "acc": 0.8260233998298645}, "2019_C2DNN_2": {"loss": 0.46649661228844996, "acc": 0.7652464509010315}, "M27J04": {"loss": 0.3869934213512084, "acc": 0.7987329363822937}}