{"2019_C2DNN_1": {"loss": 0.49582055807113645, "acc": 0.7794398665428162}}