{"E16D09": {"loss": 0.6441607929088853, "acc": 0.6591651439666748}, "S07N05": {"loss": 0.5303944613445889, "acc": 0.7259528040885925}, "J09H12": {"loss": 0.7113681652329185, "acc": 0.5862069129943848}, "2019_C2DNN_13": {"loss": 0.4925991588830948, "acc": 0.7678062915802002}, "E07S07": {"loss": 0.6018503958528693, "acc": 0.6882032752037048}, "2019_C2DNN_15": {"loss": 0.6128536840279897, "acc": 0.6783068776130676}, "2019_C2DNN_1": {"loss": 0.5215563690662384, "acc": 0.7433163523674011}, "2019_C2DNN_28": {"loss": 0.41302270518273726, "acc": 0.8061321973800659}, "V09L10": {"loss": 0.5089321053028106, "acc": 0.753829300403595}, "P27T02": {"loss": 0.5869658621581825, "acc": 0.7012090086936951}, "2019_C2DNN_20": {"loss": 0.5779744654893875, "acc": 0.7038449048995972}, "M12C10": {"loss": 0.6400395631790161, "acc": 0.6814882159233093}, "J27V07": {"loss": 0.6436872868375345, "acc": 0.663339376449585}, "2019_C2DNN_10": {"loss": 0.5251507837521402, "acc": 0.7147391438484192}, "2019_C2DNN_9": {"loss": 0.6052017579245013, "acc": 0.6738970875740051}, "2019_C2DNN_18": {"loss": 0.5483945260445277, "acc": 0.7279975414276123}, "2019_C2DNN_29": {"loss": 0.5123890986045202, "acc": 0.7458100318908691}, "L30P03": {"loss": 0.5618789697235281, "acc": 0.7074410319328308}, "2019_C2DNN_6": {"loss": 0.5499889453252157, "acc": 0.718342661857605}, "S06L11": {"loss": 0.5609777626153585, "acc": 0.6998708844184875}, "S14S04": {"loss": 0.5883810621770945, "acc": 0.6833030581474304}, "L27G06": {"loss": 0.6323509534651582, "acc": 0.6557168960571289}, "2019_C2DNN_16": {"loss": 0.6277501213550568, "acc": 0.6652997136116028}, "A05S09": {"loss": 0.7027295709059045, "acc": 0.6228107810020447}, "2019_C2DNN_11": {"loss": 0.5524688459932804, "acc": 0.7205789089202881}, "S16T09": {"loss": 0.7297319729219783, "acc": 0.605626106262207}, "E26L12": {"loss": 0.6594495292414319, "acc": 0.630671501159668}, "2019_C2DNN_24": {"loss": 0.616939403572861, "acc": 0.6799103021621704}, "L16W05": {"loss": 0.4934010390530933, "acc": 0.7722322940826416}, "M25G07": {"loss": 0.5343157147819345, "acc": 0.7299455404281616}, "E03C02": {"loss": 0.5081115791743452, "acc": 0.7524501085281372}, "2019_C2DNN_7": {"loss": 0.6226235461235047, "acc": 0.6799302697181702}, "2019_C2DNN_23": {"loss": 0.4265324625858041, "acc": 0.7959107756614685}, "S23T01": {"loss": 0.5562478574839506, "acc": 0.7168784141540527}, "G12A10": {"loss": 0.46809556663036345, "acc": 0.7753985524177551}, "2019_C2DNN_12": {"loss": 0.5157814225554467, "acc": 0.7423664331436157}, "B30K04": {"loss": 0.5477578311481259, "acc": 0.7147005200386047}, "2019_C2DNN_17": {"loss": 0.4428746651958775, "acc": 0.7743589878082275}, "2019_C2DNN_14": {"loss": 0.7889157587831671, "acc": 0.5623188614845276}, "2019_C2DNN_21": {"loss": 0.6194072487402935, "acc": 0.6676868796348572}, "2019_C2DNN_30": {"loss": 0.5556929368598789, "acc": 0.7086783051490784}, "2019_C2DNN_5": {"loss": 0.7382586735486985, "acc": 0.5914421677589417}, "L02J10": {"loss": 0.4316214135289192, "acc": 0.7969678044319153}, "2019_C2DNN_3": {"loss": 0.5885128004818546, "acc": 0.692979633808136}, "M27J04": {"loss": 0.571480704979463, "acc": 0.7012704014778137}, "2019_C2DNN_4": {"loss": 0.5364407855272293, "acc": 0.7350252270698547}, "2019_C2DNN_2": {"loss": 0.6160807077791176, "acc": 0.6708722710609436}, "2019_C2DNN_25": {"loss": 0.5724873754382134, "acc": 0.7176360487937927}}