{"2019_C2DNN_1": {"loss": 0.4600743061304092, "acc": 0.802355170249939}, "2019_C2DNN_2": {"loss": 0.5927496380081364, "acc": 0.7014018893241882}, "2019_C2DNN_3": {"loss": 0.47072816290417496, "acc": 0.7607570290565491}, "2019_C2DNN_4": {"loss": 0.5211386173963547, "acc": 0.7350252270698547}, "2019_C2DNN_5": {"loss": 0.6603820753097535, "acc": 0.6177496314048767}, "2019_C2DNN_6": {"loss": 0.47080982052812387, "acc": 0.776070773601532}, "2019_C2DNN_7": {"loss": 0.5687599617242813, "acc": 0.7119531035423279}, "2019_C2DNN_9": {"loss": 0.47473423390887504, "acc": 0.7623161673545837}, "2019_C2DNN_10": {"loss": 0.5223610129272729, "acc": 0.7208114862442017}, "2019_C2DNN_11": {"loss": 0.46506044894456866, "acc": 0.767175555229187}, "2019_C2DNN_12": {"loss": 0.44024987548589706, "acc": 0.8013677000999451}, "2019_C2DNN_13": {"loss": 0.45159267008304593, "acc": 0.7891737818717957}, "2019_C2DNN_14": {"loss": 0.6501011956821788, "acc": 0.6304348111152649}, "2019_C2DNN_15": {"loss": 0.50239530271954, "acc": 0.7329806089401245}, "2019_C2DNN_16": {"loss": 0.5474685108661652, "acc": 0.7175078988075256}, "2019_C2DNN_17": {"loss": 0.3242302951780525, "acc": 0.8653846383094788}, "2019_C2DNN_18": {"loss": 0.4609993158602247, "acc": 0.7672492861747742}, "2019_C2DNN_20": {"loss": 0.4692257297039032, "acc": 0.7774070501327515}, "2019_C2DNN_21": {"loss": 0.5612515940958139, "acc": 0.71875}, "2019_C2DNN_23": {"loss": 0.3889780782682951, "acc": 0.816356897354126}, "2019_C2DNN_24": {"loss": 0.4980995609444015, "acc": 0.7558475136756897}, "2019_C2DNN_25": {"loss": 0.4524297884106636, "acc": 0.7893996238708496}, "2019_C2DNN_28": {"loss": 0.34286605521124236, "acc": 0.8521239161491394}, "2019_C2DNN_29": {"loss": 0.36790845937588634, "acc": 0.8400062322616577}, "2019_C2DNN_30": {"loss": 0.5004992876567093, "acc": 0.7531431913375854}, "A05S09": {"loss": 0.6044070156844886, "acc": 0.6700128316879272}, "B30K04": {"loss": 0.5313980410044844, "acc": 0.7083484530448914}, "E03C02": {"loss": 0.502566034482284, "acc": 0.7569872736930847}, "E07S07": {"loss": 0.5252977514808829, "acc": 0.7502722144126892}, "E16D09": {"loss": 0.6095609719103033, "acc": 0.6927404999732971}, "E26L12": {"loss": 0.6498419364744966, "acc": 0.6506351828575134}, "G12A10": {"loss": 0.44408932358026504, "acc": 0.7832134962081909}, "J09H12": {"loss": 0.6522184711965647, "acc": 0.6368421316146851}, "J27V07": {"loss": 0.5673060887916521, "acc": 0.722867488861084}, "L02J10": {"loss": 0.3461427336931229, "acc": 0.8588621616363525}, "L16W05": {"loss": 0.43794291229410603, "acc": 0.7961887717247009}, "L27G06": {"loss": 0.5840088860555128, "acc": 0.6938294172286987}, "L30P03": {"loss": 0.5090498246929862, "acc": 0.7419237494468689}, "M12C10": {"loss": 0.5981803685426712, "acc": 0.6740471720695496}, "M25G07": {"loss": 0.5175059552897107, "acc": 0.7497277855873108}, "M27J04": {"loss": 0.5473196282982826, "acc": 0.7306715250015259}, "P27T02": {"loss": 0.4085458778851741, "acc": 0.8182210922241211}, "S06L11": {"loss": 0.47306838873270396, "acc": 0.7704389095306396}, "S07N05": {"loss": 0.4808617349375378, "acc": 0.7564428448677063}, "S14S04": {"loss": 0.5441937792030248, "acc": 0.7165154218673706}, "S16T09": {"loss": 0.6740041801875288, "acc": 0.6411978006362915}, "S23T01": {"loss": 0.531938564370979, "acc": 0.7464609742164612}, "V09L10": {"loss": 0.42047289967536927, "acc": 0.8116598725318909}}