{"2019_C2DNN_1": {"loss": 0.5162509328126907, "acc": 0.7630490064620972}, "2019_C2DNN_2": {"loss": 0.6430521426247615, "acc": 0.6632398962974548}, "2019_C2DNN_3": {"loss": 0.6048169288100028, "acc": 0.7043027877807617}, "2019_C2DNN_4": {"loss": 0.5940209528803826, "acc": 0.690100908279419}, "2019_C2DNN_5": {"loss": 0.8340954339504242, "acc": 0.5903328061103821}, "2019_C2DNN_6": {"loss": 0.6263918701340171, "acc": 0.6987895965576172}, "2019_C2DNN_7": {"loss": 0.6593700681626796, "acc": 0.6597970724105835}, "2019_C2DNN_9": {"loss": 0.6859467819679615, "acc": 0.6433823704719543}, "2019_C2DNN_10": {"loss": 0.5561783196110475, "acc": 0.7187413573265076}, "2019_C2DNN_11": {"loss": 0.5524356818199158, "acc": 0.7278944253921509}, "2019_C2DNN_12": {"loss": 0.5793335357308388, "acc": 0.7113549709320068}, "2019_C2DNN_13": {"loss": 0.5270881241559983, "acc": 0.7337765097618103}, "2019_C2DNN_14": {"loss": 0.8136273947629061, "acc": 0.532608687877655}, "2019_C2DNN_15": {"loss": 0.6573682679070367, "acc": 0.6485008597373962}, "2019_C2DNN_16": {"loss": 0.6383593806624412, "acc": 0.6619873642921448}, "2019_C2DNN_17": {"loss": 0.5308270502734829, "acc": 0.732692301273346}, "2019_C2DNN_18": {"loss": 0.5925085678988812, "acc": 0.7030051946640015}, "2019_C2DNN_20": {"loss": 0.5957047921419144, "acc": 0.7008261680603027}, "2019_C2DNN_21": {"loss": 0.6799261725070526, "acc": 0.6788015365600586}, "2019_C2DNN_23": {"loss": 0.48553651662240194, "acc": 0.7520446181297302}, "2019_C2DNN_24": {"loss": 0.6303301246798768, "acc": 0.6851970553398132}, "2019_C2DNN_25": {"loss": 0.49561281442642213, "acc": 0.7637585997581482}, "2019_C2DNN_28": {"loss": 0.4634732281675144, "acc": 0.7716384530067444}, "2019_C2DNN_29": {"loss": 0.5734801543693916, "acc": 0.7032898664474487}, "2019_C2DNN_30": {"loss": 0.5855433812328413, "acc": 0.7062250971794128}, "A05S09": {"loss": 0.7813927486941621, "acc": 0.6072191596031189}, "B30K04": {"loss": 0.6307975626127287, "acc": 0.6718693375587463}, "E03C02": {"loss": 0.5596721361983906, "acc": 0.715426504611969}, "E07S07": {"loss": 0.5852636640722101, "acc": 0.6989110708236694}, "E16D09": {"loss": 0.6903646899895235, "acc": 0.6292195916175842}, "E26L12": {"loss": 0.726954460144043, "acc": 0.6333938241004944}, "G12A10": {"loss": 0.48527928471565246, "acc": 0.7685214281082153}, "J09H12": {"loss": 0.7773696875030344, "acc": 0.5765880346298218}, "J27V07": {"loss": 0.6194264184344899, "acc": 0.6852994561195374}, "L02J10": {"loss": 0.4581106972694397, "acc": 0.78383868932724}, "L16W05": {"loss": 0.4796977219256488, "acc": 0.7667876482009888}, "L27G06": {"loss": 0.7427562773227692, "acc": 0.5950998067855835}, "L30P03": {"loss": 0.6166715371337804, "acc": 0.6785843968391418}, "M12C10": {"loss": 0.724376860328696, "acc": 0.6261342763900757}, "M25G07": {"loss": 0.6456050283529542, "acc": 0.6869328618049622}, "M27J04": {"loss": 0.6119665564461187, "acc": 0.6776769757270813}, "P27T02": {"loss": 0.6139516910991153, "acc": 0.6938687562942505}, "S06L11": {"loss": 0.6087203339950459, "acc": 0.6932013630867004}, "S07N05": {"loss": 0.5918317904526537, "acc": 0.6845735311508179}, "S14S04": {"loss": 0.6657097617333586, "acc": 0.6533575057983398}, "S16T09": {"loss": 0.8301223618063059, "acc": 0.568965494632721}, "S23T01": {"loss": 0.5982352657751604, "acc": 0.6980036497116089}, "V09L10": {"loss": 0.612819727063179, "acc": 0.686151921749115}}