{"2019_C2DNN_1": {"loss": 0.44461320102214813, "acc": 0.8064926862716675}, "2019_C2DNN_2": {"loss": 0.557699849208196, "acc": 0.7260124683380127}, "2019_C2DNN_3": {"loss": 0.4804409496030029, "acc": 0.762212872505188}, "2019_C2DNN_4": {"loss": 0.48158345133066177, "acc": 0.7785308957099915}, "2019_C2DNN_5": {"loss": 0.6768975648283958, "acc": 0.6343898773193359}, "2019_C2DNN_6": {"loss": 0.5392010282067692, "acc": 0.7296710014343262}, "2019_C2DNN_7": {"loss": 0.5584206700325012, "acc": 0.7195624709129333}, "2019_C2DNN_9": {"loss": 0.4838861126539319, "acc": 0.760661780834198}, "2019_C2DNN_10": {"loss": 0.4887543184715405, "acc": 0.7664918303489685}, "2019_C2DNN_11": {"loss": 0.46770081073045733, "acc": 0.7630407214164734}, "2019_C2DNN_12": {"loss": 0.3721286526322365, "acc": 0.8385814428329468}, "2019_C2DNN_13": {"loss": 0.42866682291030883, "acc": 0.789015531539917}, "2019_C2DNN_14": {"loss": 0.6912224211476066, "acc": 0.6231883764266968}, "2019_C2DNN_15": {"loss": 0.5060562746392356, "acc": 0.738095223903656}, "2019_C2DNN_16": {"loss": 0.5604062128067017, "acc": 0.7201892733573914}, "2019_C2DNN_17": {"loss": 0.32835501674059275, "acc": 0.8440170884132385}, "2019_C2DNN_18": {"loss": 0.4683040462288202, "acc": 0.7733824253082275}, "2019_C2DNN_20": {"loss": 0.446737197637558, "acc": 0.8052113056182861}, "2019_C2DNN_21": {"loss": 0.5326025701907217, "acc": 0.7390463948249817}, "2019_C2DNN_23": {"loss": 0.37737626333309465, "acc": 0.8343866467475891}, "2019_C2DNN_24": {"loss": 0.4615011583177411, "acc": 0.7761934995651245}, "2019_C2DNN_25": {"loss": 0.43811644017696383, "acc": 0.7914321422576904}, "2019_C2DNN_28": {"loss": 0.31369598711631735, "acc": 0.8666560053825378}, "2019_C2DNN_29": {"loss": 0.31623124813332276, "acc": 0.8604903817176819}, "2019_C2DNN_30": {"loss": 0.5198040768211963, "acc": 0.7445569038391113}, "A05S09": {"loss": 0.6607717412549097, "acc": 0.6307133436203003}, "B30K04": {"loss": 0.5639414648440751, "acc": 0.6943738460540771}, "E03C02": {"loss": 0.49084334346381103, "acc": 0.7573502659797668}, "E07S07": {"loss": 0.5170907984403047, "acc": 0.7401089072227478}, "E16D09": {"loss": 0.5786755565892566, "acc": 0.6929219365119934}, "E26L12": {"loss": 0.5926439965313132, "acc": 0.6764065623283386}, "G12A10": {"loss": 0.42012627810239794, "acc": 0.8018130660057068}, "J09H12": {"loss": 0.626869414340366, "acc": 0.663339376449585}, "J27V07": {"loss": 0.50765236094594, "acc": 0.7602540850639343}, "L02J10": {"loss": 0.31631229758262636, "acc": 0.8662081956863403}, "L16W05": {"loss": 0.4390852576629682, "acc": 0.7780399322509766}, "L27G06": {"loss": 0.6222487390041351, "acc": 0.6631578803062439}, "L30P03": {"loss": 0.5027364360337908, "acc": 0.7515426278114319}, "M12C10": {"loss": 0.5880761024626818, "acc": 0.7098003625869751}, "M25G07": {"loss": 0.5116499841890552, "acc": 0.7453720569610596}, "M27J04": {"loss": 0.4827416508712552, "acc": 0.7602540850639343}, "P27T02": {"loss": 0.361525185204841, "acc": 0.8443437218666077}, "S06L11": {"loss": 0.49211771907033147, "acc": 0.7603270411491394}, "S07N05": {"loss": 0.4732547043399377, "acc": 0.7629764080047607}, "S14S04": {"loss": 0.5360277193513784, "acc": 0.7130671739578247}, "S16T09": {"loss": 0.6431804367087104, "acc": 0.6782214045524597}, "S23T01": {"loss": 0.4953214583749121, "acc": 0.7568058371543884}, "V09L10": {"loss": 0.4310118752717972, "acc": 0.8030634522438049}}