{"2019_C2DNN_5": {"loss": 0.7166524621199316, "acc": 0.5406235456466675}, "S23T01": {"loss": 0.641244415579171, "acc": 0.643494725227356}, "M27J04": {"loss": 0.6511796533033766, "acc": 0.623613715171814}, "G12A10": {"loss": 0.5806653821457397, "acc": 0.6871651411056519}, "2019_C2DNN_13": {"loss": 0.6012150556293886, "acc": 0.6887237429618835}, "2019_C2DNN_2": {"loss": 0.6705011611475664, "acc": 0.6078476905822754}, "2019_C2DNN_6": {"loss": 0.6422185542828897, "acc": 0.6229470372200012}, "S07N05": {"loss": 0.5921589763000094, "acc": 0.6837976574897766}, "V09L10": {"loss": 0.6071170634155244, "acc": 0.6639878749847412}, "2019_C2DNN_14": {"loss": 0.7811634778976441, "acc": 0.5275080800056458}, "2019_C2DNN_30": {"loss": 0.6516007811262987, "acc": 0.6375171542167664}, "2019_C2DNN_23": {"loss": 0.6060861336034641, "acc": 0.6569252014160156}, "P27T02": {"loss": 0.6344876392763488, "acc": 0.6504182815551758}, "E26L12": {"loss": 0.6966267094529909, "acc": 0.5954828262329102}, "M25G07": {"loss": 0.6415221906941513, "acc": 0.6286178231239319}, "2019_C2DNN_16": {"loss": 0.6584210084445441, "acc": 0.6143898367881775}, "J27V07": {"loss": 0.6936065667662127, "acc": 0.5731674432754517}, "2019_C2DNN_11": {"loss": 0.6458731749744127, "acc": 0.6302132606506348}, "M12C10": {"loss": 0.6821923050387152, "acc": 0.5657289624214172}, "2019_C2DNN_18": {"loss": 0.6199199883402258, "acc": 0.6514632105827332}, "2019_C2DNN_3": {"loss": 0.6126531234154334, "acc": 0.6628888249397278}, "2019_C2DNN_15": {"loss": 0.6791060984134674, "acc": 0.6179642081260681}, "2019_C2DNN_7": {"loss": 0.6971304274317044, "acc": 0.6012762784957886}, "2019_C2DNN_24": {"loss": 0.6800857479825164, "acc": 0.5900406241416931}, "2019_C2DNN_4": {"loss": 0.6667035408874056, "acc": 0.6251468658447266}, "J09H12": {"loss": 0.6929174574284718, "acc": 0.5646470189094543}, "2019_C2DNN_1": {"loss": 0.6394977966944376, "acc": 0.6257414221763611}, "B30K04": {"loss": 0.6644409535260036, "acc": 0.6030565500259399}, "2019_C2DNN_21": {"loss": 0.6626370079589613, "acc": 0.6108977198600769}, "S06L11": {"loss": 0.6538021753028948, "acc": 0.598397433757782}, "2019_C2DNN_10": {"loss": 0.6199555028426019, "acc": 0.6323862671852112}, "E07S07": {"loss": 0.6703585042008038, "acc": 0.6022450923919678}, "E16D09": {"loss": 0.6764237212723699, "acc": 0.594671368598938}, "2019_C2DNN_29": {"loss": 0.6227035993600593, "acc": 0.6494332551956177}, "2019_C2DNN_28": {"loss": 0.5350853782711606, "acc": 0.7558914422988892}, "2019_C2DNN_17": {"loss": 0.5922477824534144, "acc": 0.6615727543830872}, "E03C02": {"loss": 0.6209165972882303, "acc": 0.6397078633308411}, "2019_C2DNN_25": {"loss": 0.7554031737587031, "acc": 0.6272727251052856}, "2019_C2DNN_20": {"loss": 0.6778171360492706, "acc": 0.5910705924034119}, "L16W05": {"loss": 0.6078067832979662, "acc": 0.6648634076118469}, "L02J10": {"loss": 0.6043912319838131, "acc": 0.6580479741096497}, "L30P03": {"loss": 0.6372041589227216, "acc": 0.6413308382034302}, "2019_C2DNN_9": {"loss": 0.6264996526377469, "acc": 0.6302739977836609}, "L27G06": {"loss": 0.6909497246660036, "acc": 0.5616716146469116}, "2019_C2DNN_12": {"loss": 0.608178380763892, "acc": 0.6748815178871155}, "S16T09": {"loss": 0.6978697067704694, "acc": 0.5854747295379639}, "A05S09": {"loss": 0.6978004168532789, "acc": 0.5703597664833069}, "S14S04": {"loss": 0.647971695353245, "acc": 0.6207736134529114}}