{"A05S09": {"loss": 0.6856284482138497, "acc": 0.5972568392753601}, "2019_C2DNN_23": {"loss": 0.6147563979029655, "acc": 0.6739130616188049}, "L30P03": {"loss": 0.6118373274803162, "acc": 0.7065678238868713}, "2019_C2DNN_20": {"loss": 0.6527951194180382, "acc": 0.6187384128570557}, "2019_C2DNN_10": {"loss": 0.6111391395330429, "acc": 0.678855299949646}, "E16D09": {"loss": 0.6715129762887955, "acc": 0.5720338821411133}, "E26L12": {"loss": 0.671252865344286, "acc": 0.6239407062530518}, "M27J04": {"loss": 0.5979371592402458, "acc": 0.7076271176338196}, "2019_C2DNN_21": {"loss": 0.6058184968100654, "acc": 0.6967985033988953}, "B30K04": {"loss": 0.6159208528697491, "acc": 0.6525423526763916}, "2019_C2DNN_14": {"loss": 0.7164124548435211, "acc": 0.504273533821106}, "2019_C2DNN_4": {"loss": 0.6339096029599508, "acc": 0.6295955777168274}, "2019_C2DNN_24": {"loss": 0.6814267039299011, "acc": 0.6142321825027466}, "M25G07": {"loss": 0.6000602915883064, "acc": 0.6588982939720154}, "M12C10": {"loss": 0.7119033858180046, "acc": 0.5730932354927063}, "V09L10": {"loss": 0.6029805905289121, "acc": 0.6948997974395752}, "S14S04": {"loss": 0.6369147151708603, "acc": 0.6641949415206909}, "2019_C2DNN_6": {"loss": 0.6092188358306885, "acc": 0.7016274929046631}, "2019_C2DNN_5": {"loss": 0.6296224262979295, "acc": 0.6330868601799011}, "2019_C2DNN_9": {"loss": 0.6266602613031864, "acc": 0.6913978457450867}, "2019_C2DNN_18": {"loss": 0.5983408888181051, "acc": 0.6910714507102966}, "E03C02": {"loss": 0.5604413114488125, "acc": 0.7319915294647217}, "2019_C2DNN_11": {"loss": 0.6110025313165452, "acc": 0.6743970513343811}, "2019_C2DNN_16": {"loss": 0.6004005538092719, "acc": 0.6767956018447876}, "L16W05": {"loss": 0.6195026189088821, "acc": 0.6747881174087524}, "2019_C2DNN_15": {"loss": 0.6149199530482292, "acc": 0.6652977466583252}, "J27V07": {"loss": 0.6285794004797935, "acc": 0.6292372941970825}, "S06L11": {"loss": 0.616797400372369, "acc": 0.6683416962623596}, "2019_C2DNN_29": {"loss": 0.5857107573085361, "acc": 0.6826401352882385}, "2019_C2DNN_17": {"loss": 0.5629210386957441, "acc": 0.7394015192985535}, "2019_C2DNN_3": {"loss": 0.5493238833215501, "acc": 0.7462121248245239}, "2019_C2DNN_12": {"loss": 0.602164798312717, "acc": 0.6706864833831787}, "2019_C2DNN_25": {"loss": 0.6277231143580543, "acc": 0.6532846689224243}, "S07N05": {"loss": 0.6024749353528023, "acc": 0.6906779408454895}, "S23T01": {"loss": 0.5969222709536552, "acc": 0.6843220591545105}, "J09H12": {"loss": 0.6353800967335701, "acc": 0.6620762944221497}, "S16T09": {"loss": 0.6874423399567604, "acc": 0.5985169410705566}, "E07S07": {"loss": 0.6718459501862526, "acc": 0.6122881174087524}, "2019_C2DNN_28": {"loss": 0.5649215380350748, "acc": 0.7416045069694519}, "P27T02": {"loss": 0.6852010999407087, "acc": 0.6363636255264282}, "2019_C2DNN_30": {"loss": 0.6124117374420166, "acc": 0.6642857193946838}, "2019_C2DNN_1": {"loss": 0.5873991449673971, "acc": 0.7304832935333252}, "2019_C2DNN_13": {"loss": 0.6045850515365601, "acc": 0.7005545496940613}, "L02J10": {"loss": 0.6379207438892789, "acc": 0.6384335160255432}, "G12A10": {"loss": 0.6387054456604851, "acc": 0.6357012987136841}, "2019_C2DNN_7": {"loss": 0.5944404833846622, "acc": 0.6870370507240295}, "2019_C2DNN_2": {"loss": 0.6008113225301107, "acc": 0.6842105388641357}, "L27G06": {"loss": 0.6359034329652786, "acc": 0.6483050584793091}}