{"J27V07": {"loss": 0.6813695739055502, "acc": 0.5852042436599731}, "M27J04": {"loss": 0.6870503733898031, "acc": 0.5400324463844299}, "2019_C2DNN_28": {"loss": 0.6676760044964877, "acc": 0.6208045482635498}, "2019_C2DNN_9": {"loss": 0.7733513651223018, "acc": 0.5795890688896179}, "S14S04": {"loss": 0.6925167862711281, "acc": 0.5119015574455261}, "2019_C2DNN_18": {"loss": 0.6751412913419198, "acc": 0.5784178972244263}, "2019_C2DNN_15": {"loss": 0.6884777744611105, "acc": 0.5476065278053284}, "B30K04": {"loss": 0.6779602858526953, "acc": 0.560319185256958}, "2019_C2DNN_30": {"loss": 0.685870905717214, "acc": 0.5374943017959595}, "2019_C2DNN_5": {"loss": 0.6960009923621789, "acc": 0.517123281955719}, "P27T02": {"loss": 0.676637993783367, "acc": 0.5746460556983948}, "2019_C2DNN_24": {"loss": 0.70044632210876, "acc": 0.49379029870033264}, "2019_C2DNN_16": {"loss": 0.6810787542542415, "acc": 0.5518457293510437}, "2019_C2DNN_11": {"loss": 0.6919999935410239, "acc": 0.5136256217956543}, "2019_C2DNN_23": {"loss": 0.6766480615264491, "acc": 0.5717451572418213}, "E07S07": {"loss": 0.6903974794108292, "acc": 0.5227211117744446}, "E16D09": {"loss": 0.6941038514005726, "acc": 0.5154179334640503}, "2019_C2DNN_20": {"loss": 0.6882518096403643, "acc": 0.5380151867866516}, "2019_C2DNN_3": {"loss": 0.6728228697409997, "acc": 0.5993489027023315}, "S06L11": {"loss": 0.6717971040278065, "acc": 0.6129807829856873}, "2019_C2DNN_2": {"loss": 0.6777269756969284, "acc": 0.5560715198516846}, "2019_C2DNN_12": {"loss": 0.6818056214939464, "acc": 0.550710916519165}, "L16W05": {"loss": 0.6854238910921688, "acc": 0.553015947341919}, "L27G06": {"loss": 0.6793371839769955, "acc": 0.5823640823364258}, "S07N05": {"loss": 0.6833360955632967, "acc": 0.5463889837265015}, "2019_C2DNN_17": {"loss": 0.6551443892717361, "acc": 0.6303724646568298}, "L30P03": {"loss": 0.6848851514273676, "acc": 0.5578847527503967}, "L02J10": {"loss": 0.6697856974308652, "acc": 0.5496156811714172}, "2019_C2DNN_4": {"loss": 0.6939840076574638, "acc": 0.5215041041374207}, "2019_C2DNN_1": {"loss": 0.6838335611603477, "acc": 0.5512455701828003}, "M25G07": {"loss": 0.6809858289258234, "acc": 0.5591019988059998}, "2019_C2DNN_13": {"loss": 0.6710208200696689, "acc": 0.5934182405471802}, "2019_C2DNN_7": {"loss": 0.6836280306773399, "acc": 0.567714512348175}, "E03C02": {"loss": 0.6879287865655176, "acc": 0.5459832549095154}, "S23T01": {"loss": 0.6888697743415833, "acc": 0.5403029322624207}, "2019_C2DNN_29": {"loss": 0.6820290439269122, "acc": 0.5521628260612488}, "E26L12": {"loss": 0.6842827355039531, "acc": 0.5592372417449951}, "2019_C2DNN_10": {"loss": 0.6722718383136549, "acc": 0.5883261561393738}, "S16T09": {"loss": 0.6956992930379408, "acc": 0.518663763999939}, "A05S09": {"loss": 0.684559214413166, "acc": 0.5168735980987549}, "2019_C2DNN_6": {"loss": 0.6744905131704667, "acc": 0.5809623003005981}, "V09L10": {"loss": 0.6690578910912497, "acc": 0.5688329935073853}, "J09H12": {"loss": 0.6927296950899321, "acc": 0.5143359303474426}, "2019_C2DNN_14": {"loss": 0.7177485903104146, "acc": 0.41531822085380554}, "2019_C2DNN_25": {"loss": 0.7266393295105766, "acc": 0.5419580340385437}, "G12A10": {"loss": 0.6900333525503383, "acc": 0.5293501019477844}, "2019_C2DNN_21": {"loss": 0.6726374339425203, "acc": 0.5837733745574951}, "M12C10": {"loss": 0.6985394440848252, "acc": 0.4882337152957916}}